date,count,barangay,crime_type,data_type
2019-01-01,6.0,Barangay 41,Assault,historical
2019-02-01,9.0,Barangay 41,Assault,historical
2019-03-01,0.0,Barangay 41,Assault,historical
2019-04-01,5.0,Barangay 41,Assault,historical
2019-05-01,4.0,Barangay 41,Assault,historical
2019-06-01,5.0,Barangay 41,Assault,historical
2019-07-01,6.0,Barangay 41,Assault,historical
2019-08-01,2.0,Barangay 41,Assault,historical
2019-09-01,4.0,Barangay 41,Assault,historical
2019-10-01,5.0,Barangay 41,Assault,historical
2019-11-01,7.0,Barangay 41,Assault,historical
2019-12-01,5.0,Barangay 41,Assault,historical
2020-01-01,5.0,Barangay 41,Assault,historical
2020-02-01,5.0,Barangay 41,Assault,historical
2020-03-01,5.0,Barangay 41,Assault,historical
2020-04-01,5.0,Barangay 41,Assault,historical
2020-05-01,3.0,Barangay 41,Assault,historical
2020-06-01,7.0,Barangay 41,Assault,historical
2020-07-01,6.0,Barangay 41,Assault,historical
2020-08-01,8.0,Barangay 41,Assault,historical
2020-09-01,4.0,Barangay 41,Assault,historical
2020-10-01,4.0,Barangay 41,Assault,historical
2020-11-01,4.0,Barangay 41,Assault,historical
2020-12-01,3.0,Barangay 41,Assault,historical
2021-01-01,7.0,Barangay 41,Assault,historical
2021-02-01,7.0,Barangay 41,Assault,historical
2021-03-01,4.0,Barangay 41,Assault,historical
2021-04-01,4.0,Barangay 41,Assault,historical
2021-05-01,2.0,Barangay 41,Assault,historical
2021-06-01,5.0,Barangay 41,Assault,historical
2021-07-01,5.0,Barangay 41,Assault,historical
2021-08-01,4.0,Barangay 41,Assault,historical
2021-09-01,5.0,Barangay 41,Assault,historical
2021-10-01,6.0,Barangay 41,Assault,historical
2021-11-01,8.0,Barangay 41,Assault,historical
2021-12-01,7.0,Barangay 41,Assault,historical
2022-01-01,7.0,Barangay 41,Assault,historical
2022-02-01,7.0,Barangay 41,Assault,historical
2022-03-01,2.0,Barangay 41,Assault,historical
2022-04-01,4.0,Barangay 41,Assault,historical
2022-05-01,5.0,Barangay 41,Assault,historical
2022-06-01,11.0,Barangay 41,Assault,historical
2022-07-01,6.0,Barangay 41,Assault,historical
2022-08-01,7.0,Barangay 41,Assault,historical
2022-09-01,5.0,Barangay 41,Assault,historical
2022-10-01,3.0,Barangay 41,Assault,historical
2022-11-01,7.0,Barangay 41,Assault,historical
2022-12-01,9.0,Barangay 41,Assault,historical
2023-01-01,9.0,Barangay 41,Assault,historical
2023-02-01,5.0,Barangay 41,Assault,historical
2023-03-01,7.0,Barangay 41,Assault,historical
2023-04-01,2.0,Barangay 41,Assault,historical
2023-05-01,6.0,Barangay 41,Assault,historical
2023-06-01,11.0,Barangay 41,Assault,historical
2023-07-01,4.0,Barangay 41,Assault,historical
2023-08-01,5.0,Barangay 41,Assault,historical
2023-09-01,5.0,Barangay 41,Assault,historical
2023-10-01,4.0,Barangay 41,Assault,historical
2023-11-01,3.0,Barangay 41,Assault,historical
2023-12-01,7.0,Barangay 41,Assault,historical
2024-01-01,5.0,Barangay 41,Assault,historical
2024-02-01,8.0,Barangay 41,Assault,historical
2024-03-01,3.0,Barangay 41,Assault,historical
2024-04-01,7.0,Barangay 41,Assault,historical
2024-05-01,4.0,Barangay 41,Assault,historical
2024-06-01,6.0,Barangay 41,Assault,historical
2024-07-01,8.0,Barangay 41,Assault,historical
2024-08-01,4.0,Barangay 41,Assault,historical
2024-09-01,6.0,Barangay 41,Assault,historical
2024-10-01,8.0,Barangay 41,Assault,historical
2024-11-01,3.0,Barangay 41,Assault,historical
2024-12-01,8.0,Barangay 41,Assault,historical
2025-01-01,6.499994731646402,Barangay 41,Assault,forecast
2025-02-01,6.833331413648052,Barangay 41,Assault,forecast
2025-03-01,3.499996431170933,Barangay 41,Assault,forecast
2025-04-01,4.500001196568417,Barangay 41,Assault,forecast
2025-05-01,4.0000010113279325,Barangay 41,Assault,forecast
2025-06-01,7.49999981039703,Barangay 41,Assault,forecast
2025-07-01,5.833335147126287,Barangay 41,Assault,forecast
2025-08-01,5.000001255954508,Barangay 41,Assault,forecast
2025-09-01,4.83333530452234,Barangay 41,Assault,forecast
2025-10-01,5.000001896769733,Barangay 41,Assault,forecast
2025-11-01,5.333331898729734,Barangay 41,Assault,forecast
2025-12-01,6.500000733711375,Barangay 41,Assault,forecast
2019-01-01,3.0,Barangay 41,Breaking and Entering,historical
2019-02-01,3.0,Barangay 41,Breaking and Entering,historical
2019-03-01,1.0,Barangay 41,Breaking and Entering,historical
2019-04-01,2.0,Barangay 41,Breaking and Entering,historical
2019-05-01,2.0,Barangay 41,Breaking and Entering,historical
2019-06-01,2.0,Barangay 41,Breaking and Entering,historical
2019-07-01,2.0,Barangay 41,Breaking and Entering,historical
2019-08-01,2.0,Barangay 41,Breaking and Entering,historical
2019-09-01,2.0,Barangay 41,Breaking and Entering,historical
2019-10-01,1.0,Barangay 41,Breaking and Entering,historical
2019-11-01,2.0,Barangay 41,Breaking and Entering,historical
2019-12-01,3.0,Barangay 41,Breaking and Entering,historical
2020-01-01,3.0,Barangay 41,Breaking and Entering,historical
2020-02-01,3.0,Barangay 41,Breaking and Entering,historical
2020-03-01,3.0,Barangay 41,Breaking and Entering,historical
2020-04-01,1.0,Barangay 41,Breaking and Entering,historical
2020-05-01,2.0,Barangay 41,Breaking and Entering,historical
2020-06-01,2.0,Barangay 41,Breaking and Entering,historical
2020-07-01,4.0,Barangay 41,Breaking and Entering,historical
2020-08-01,1.0,Barangay 41,Breaking and Entering,historical
2020-09-01,1.0,Barangay 41,Breaking and Entering,historical
2020-10-01,1.0,Barangay 41,Breaking and Entering,historical
2020-11-01,0.0,Barangay 41,Breaking and Entering,historical
2020-12-01,2.0,Barangay 41,Breaking and Entering,historical
2021-01-01,2.0,Barangay 41,Breaking and Entering,historical
2021-02-01,2.0,Barangay 41,Breaking and Entering,historical
2021-03-01,2.0,Barangay 41,Breaking and Entering,historical
2021-04-01,3.0,Barangay 41,Breaking and Entering,historical
2021-05-01,2.0,Barangay 41,Breaking and Entering,historical
2021-06-01,2.0,Barangay 41,Breaking and Entering,historical
2021-07-01,1.0,Barangay 41,Breaking and Entering,historical
2021-08-01,2.0,Barangay 41,Breaking and Entering,historical
2021-09-01,1.0,Barangay 41,Breaking and Entering,historical
2021-10-01,3.0,Barangay 41,Breaking and Entering,historical
2021-11-01,2.0,Barangay 41,Breaking and Entering,historical
2021-12-01,2.0,Barangay 41,Breaking and Entering,historical
2022-01-01,1.0,Barangay 41,Breaking and Entering,historical
2022-02-01,4.0,Barangay 41,Breaking and Entering,historical
2022-03-01,1.0,Barangay 41,Breaking and Entering,historical
2022-04-01,2.0,Barangay 41,Breaking and Entering,historical
2022-05-01,1.0,Barangay 41,Breaking and Entering,historical
2022-06-01,2.0,Barangay 41,Breaking and Entering,historical
2022-07-01,2.0,Barangay 41,Breaking and Entering,historical
2022-08-01,2.0,Barangay 41,Breaking and Entering,historical
2022-09-01,1.0,Barangay 41,Breaking and Entering,historical
2022-10-01,2.0,Barangay 41,Breaking and Entering,historical
2022-11-01,1.0,Barangay 41,Breaking and Entering,historical
2022-12-01,2.0,Barangay 41,Breaking and Entering,historical
2023-01-01,3.0,Barangay 41,Breaking and Entering,historical
2023-02-01,3.0,Barangay 41,Breaking and Entering,historical
2023-03-01,2.0,Barangay 41,Breaking and Entering,historical
2023-04-01,1.0,Barangay 41,Breaking and Entering,historical
2023-05-01,1.0,Barangay 41,Breaking and Entering,historical
2023-06-01,3.0,Barangay 41,Breaking and Entering,historical
2023-07-01,3.0,Barangay 41,Breaking and Entering,historical
2023-08-01,2.0,Barangay 41,Breaking and Entering,historical
2023-09-01,3.0,Barangay 41,Breaking and Entering,historical
2023-10-01,2.0,Barangay 41,Breaking and Entering,historical
2023-11-01,3.0,Barangay 41,Breaking and Entering,historical
2023-12-01,3.0,Barangay 41,Breaking and Entering,historical
2024-01-01,4.0,Barangay 41,Breaking and Entering,historical
2024-02-01,4.0,Barangay 41,Breaking and Entering,historical
2024-03-01,1.0,Barangay 41,Breaking and Entering,historical
2024-04-01,2.0,Barangay 41,Breaking and Entering,historical
2024-05-01,2.0,Barangay 41,Breaking and Entering,historical
2024-06-01,3.0,Barangay 41,Breaking and Entering,historical
2024-07-01,2.0,Barangay 41,Breaking and Entering,historical
2024-08-01,3.0,Barangay 41,Breaking and Entering,historical
2024-09-01,3.0,Barangay 41,Breaking and Entering,historical
2024-10-01,1.0,Barangay 41,Breaking and Entering,historical
2024-11-01,1.0,Barangay 41,Breaking and Entering,historical
2024-12-01,1.0,Barangay 41,Breaking and Entering,historical
2025-01-01,2.6666665746312104,Barangay 41,Breaking and Entering,forecast
2025-02-01,3.1666663712454612,Barangay 41,Breaking and Entering,forecast
2025-03-01,1.6666659226556013,Barangay 41,Breaking and Entering,forecast
2025-04-01,1.8333330000444672,Barangay 41,Breaking and Entering,forecast
2025-05-01,1.6666666788240594,Barangay 41,Breaking and Entering,forecast
2025-06-01,2.3333332337346526,Barangay 41,Breaking and Entering,forecast
2025-07-01,2.333333360761315,Barangay 41,Breaking and Entering,forecast
2025-08-01,2.0000002911990302,Barangay 41,Breaking and Entering,forecast
2025-09-01,1.833333986587116,Barangay 41,Breaking and Entering,forecast
2025-10-01,1.6666667625687857,Barangay 41,Breaking and Entering,forecast
2025-11-01,1.5000005792730455,Barangay 41,Breaking and Entering,forecast
2025-12-01,2.1666668613861138,Barangay 41,Breaking and Entering,forecast
2019-01-01,4.0,Barangay 41,Domestic Violence,historical
2019-02-01,4.0,Barangay 41,Domestic Violence,historical
2019-03-01,1.0,Barangay 41,Domestic Violence,historical
2019-04-01,3.0,Barangay 41,Domestic Violence,historical
2019-05-01,3.0,Barangay 41,Domestic Violence,historical
2019-06-01,3.0,Barangay 41,Domestic Violence,historical
2019-07-01,4.0,Barangay 41,Domestic Violence,historical
2019-08-01,6.0,Barangay 41,Domestic Violence,historical
2019-09-01,3.0,Barangay 41,Domestic Violence,historical
2019-10-01,3.0,Barangay 41,Domestic Violence,historical
2019-11-01,2.0,Barangay 41,Domestic Violence,historical
2019-12-01,2.0,Barangay 41,Domestic Violence,historical
2020-01-01,5.0,Barangay 41,Domestic Violence,historical
2020-02-01,3.0,Barangay 41,Domestic Violence,historical
2020-03-01,2.0,Barangay 41,Domestic Violence,historical
2020-04-01,2.0,Barangay 41,Domestic Violence,historical
2020-05-01,3.0,Barangay 41,Domestic Violence,historical
2020-06-01,4.0,Barangay 41,Domestic Violence,historical
2020-07-01,4.0,Barangay 41,Domestic Violence,historical
2020-08-01,3.0,Barangay 41,Domestic Violence,historical
2020-09-01,2.0,Barangay 41,Domestic Violence,historical
2020-10-01,2.0,Barangay 41,Domestic Violence,historical
2020-11-01,2.0,Barangay 41,Domestic Violence,historical
2020-12-01,4.0,Barangay 41,Domestic Violence,historical
2021-01-01,5.0,Barangay 41,Domestic Violence,historical
2021-02-01,3.0,Barangay 41,Domestic Violence,historical
2021-03-01,3.0,Barangay 41,Domestic Violence,historical
2021-04-01,4.0,Barangay 41,Domestic Violence,historical
2021-05-01,3.0,Barangay 41,Domestic Violence,historical
2021-06-01,6.0,Barangay 41,Domestic Violence,historical
2021-07-01,2.0,Barangay 41,Domestic Violence,historical
2021-08-01,2.0,Barangay 41,Domestic Violence,historical
2021-09-01,1.0,Barangay 41,Domestic Violence,historical
2021-10-01,4.0,Barangay 41,Domestic Violence,historical
2021-11-01,3.0,Barangay 41,Domestic Violence,historical
2021-12-01,4.0,Barangay 41,Domestic Violence,historical
2022-01-01,4.0,Barangay 41,Domestic Violence,historical
2022-02-01,2.0,Barangay 41,Domestic Violence,historical
2022-03-01,5.0,Barangay 41,Domestic Violence,historical
2022-04-01,3.0,Barangay 41,Domestic Violence,historical
2022-05-01,3.0,Barangay 41,Domestic Violence,historical
2022-06-01,4.0,Barangay 41,Domestic Violence,historical
2022-07-01,4.0,Barangay 41,Domestic Violence,historical
2022-08-01,4.0,Barangay 41,Domestic Violence,historical
2022-09-01,2.0,Barangay 41,Domestic Violence,historical
2022-10-01,3.0,Barangay 41,Domestic Violence,historical
2022-11-01,5.0,Barangay 41,Domestic Violence,historical
2022-12-01,6.0,Barangay 41,Domestic Violence,historical
2023-01-01,6.0,Barangay 41,Domestic Violence,historical
2023-02-01,3.0,Barangay 41,Domestic Violence,historical
2023-03-01,2.0,Barangay 41,Domestic Violence,historical
2023-04-01,2.0,Barangay 41,Domestic Violence,historical
2023-05-01,3.0,Barangay 41,Domestic Violence,historical
2023-06-01,5.0,Barangay 41,Domestic Violence,historical
2023-07-01,2.0,Barangay 41,Domestic Violence,historical
2023-08-01,6.0,Barangay 41,Domestic Violence,historical
2023-09-01,3.0,Barangay 41,Domestic Violence,historical
2023-10-01,3.0,Barangay 41,Domestic Violence,historical
2023-11-01,2.0,Barangay 41,Domestic Violence,historical
2023-12-01,2.0,Barangay 41,Domestic Violence,historical
2024-01-01,5.0,Barangay 41,Domestic Violence,historical
2024-02-01,4.0,Barangay 41,Domestic Violence,historical
2024-03-01,1.0,Barangay 41,Domestic Violence,historical
2024-04-01,1.0,Barangay 41,Domestic Violence,historical
2024-05-01,2.0,Barangay 41,Domestic Violence,historical
2024-06-01,6.0,Barangay 41,Domestic Violence,historical
2024-07-01,3.0,Barangay 41,Domestic Violence,historical
2024-08-01,2.0,Barangay 41,Domestic Violence,historical
2024-09-01,3.0,Barangay 41,Domestic Violence,historical
2024-10-01,3.0,Barangay 41,Domestic Violence,historical
2024-11-01,0.0,Barangay 41,Domestic Violence,historical
2024-12-01,4.0,Barangay 41,Domestic Violence,historical
2025-01-01,4.833333436591523,Barangay 41,Domestic Violence,forecast
2025-02-01,3.166666662059664,Barangay 41,Domestic Violence,forecast
2025-03-01,2.3333335220807347,Barangay 41,Domestic Violence,forecast
2025-04-01,2.50000011527431,Barangay 41,Domestic Violence,forecast
2025-05-01,2.8333334195356517,Barangay 41,Domestic Violence,forecast
2025-06-01,4.666666679167561,Barangay 41,Domestic Violence,forecast
2025-07-01,3.1666666884532644,Barangay 41,Domestic Violence,forecast
2025-08-01,3.833333351303084,Barangay 41,Domestic Violence,forecast
2025-09-01,2.333333387143985,Barangay 41,Domestic Violence,forecast
2025-10-01,2.9999998992561996,Barangay 41,Domestic Violence,forecast
2025-11-01,2.3333333954312585,Barangay 41,Domestic Violence,forecast
2025-12-01,3.6666667104540362,Barangay 41,Domestic Violence,forecast
2019-01-01,3.0,Barangay 41,Drug-related,historical
2019-02-01,3.0,Barangay 41,Drug-related,historical
2019-03-01,2.0,Barangay 41,Drug-related,historical
2019-04-01,2.0,Barangay 41,Drug-related,historical
2019-05-01,2.0,Barangay 41,Drug-related,historical
2019-06-01,2.0,Barangay 41,Drug-related,historical
2019-07-01,3.0,Barangay 41,Drug-related,historical
2019-08-01,3.0,Barangay 41,Drug-related,historical
2019-09-01,2.0,Barangay 41,Drug-related,historical
2019-10-01,2.0,Barangay 41,Drug-related,historical
2019-11-01,2.0,Barangay 41,Drug-related,historical
2019-12-01,4.0,Barangay 41,Drug-related,historical
2020-01-01,4.0,Barangay 41,Drug-related,historical
2020-02-01,2.0,Barangay 41,Drug-related,historical
2020-03-01,2.0,Barangay 41,Drug-related,historical
2020-04-01,3.0,Barangay 41,Drug-related,historical
2020-05-01,1.0,Barangay 41,Drug-related,historical
2020-06-01,4.0,Barangay 41,Drug-related,historical
2020-07-01,3.0,Barangay 41,Drug-related,historical
2020-08-01,4.0,Barangay 41,Drug-related,historical
2020-09-01,2.0,Barangay 41,Drug-related,historical
2020-10-01,1.0,Barangay 41,Drug-related,historical
2020-11-01,1.0,Barangay 41,Drug-related,historical
2020-12-01,4.0,Barangay 41,Drug-related,historical
2021-01-01,4.0,Barangay 41,Drug-related,historical
2021-02-01,3.0,Barangay 41,Drug-related,historical
2021-03-01,3.0,Barangay 41,Drug-related,historical
2021-04-01,1.0,Barangay 41,Drug-related,historical
2021-05-01,2.0,Barangay 41,Drug-related,historical
2021-06-01,2.0,Barangay 41,Drug-related,historical
2021-07-01,3.0,Barangay 41,Drug-related,historical
2021-08-01,3.0,Barangay 41,Drug-related,historical
2021-09-01,2.0,Barangay 41,Drug-related,historical
2021-10-01,2.0,Barangay 41,Drug-related,historical
2021-11-01,4.0,Barangay 41,Drug-related,historical
2021-12-01,3.0,Barangay 41,Drug-related,historical
2022-01-01,5.0,Barangay 41,Drug-related,historical
2022-02-01,2.0,Barangay 41,Drug-related,historical
2022-03-01,3.0,Barangay 41,Drug-related,historical
2022-04-01,4.0,Barangay 41,Drug-related,historical
2022-05-01,0.0,Barangay 41,Drug-related,historical
2022-06-01,3.0,Barangay 41,Drug-related,historical
2022-07-01,4.0,Barangay 41,Drug-related,historical
2022-08-01,3.0,Barangay 41,Drug-related,historical
2022-09-01,3.0,Barangay 41,Drug-related,historical
2022-10-01,2.0,Barangay 41,Drug-related,historical
2022-11-01,3.0,Barangay 41,Drug-related,historical
2022-12-01,4.0,Barangay 41,Drug-related,historical
2023-01-01,5.0,Barangay 41,Drug-related,historical
2023-02-01,4.0,Barangay 41,Drug-related,historical
2023-03-01,3.0,Barangay 41,Drug-related,historical
2023-04-01,2.0,Barangay 41,Drug-related,historical
2023-05-01,2.0,Barangay 41,Drug-related,historical
2023-06-01,3.0,Barangay 41,Drug-related,historical
2023-07-01,4.0,Barangay 41,Drug-related,historical
2023-08-01,3.0,Barangay 41,Drug-related,historical
2023-09-01,3.0,Barangay 41,Drug-related,historical
2023-10-01,5.0,Barangay 41,Drug-related,historical
2023-11-01,4.0,Barangay 41,Drug-related,historical
2023-12-01,4.0,Barangay 41,Drug-related,historical
2024-01-01,6.0,Barangay 41,Drug-related,historical
2024-02-01,4.0,Barangay 41,Drug-related,historical
2024-03-01,1.0,Barangay 41,Drug-related,historical
2024-04-01,2.0,Barangay 41,Drug-related,historical
2024-05-01,1.0,Barangay 41,Drug-related,historical
2024-06-01,3.0,Barangay 41,Drug-related,historical
2024-07-01,4.0,Barangay 41,Drug-related,historical
2024-08-01,6.0,Barangay 41,Drug-related,historical
2024-09-01,3.0,Barangay 41,Drug-related,historical
2024-10-01,3.0,Barangay 41,Drug-related,historical
2024-11-01,4.0,Barangay 41,Drug-related,historical
2024-12-01,1.0,Barangay 41,Drug-related,historical
2025-01-01,4.822805293640856,Barangay 41,Drug-related,forecast
2025-02-01,3.314230921493134,Barangay 41,Drug-related,forecast
2025-03-01,2.6390131368454584,Barangay 41,Drug-related,forecast
2025-04-01,2.6304381743054726,Barangay 41,Drug-related,forecast
2025-05-01,1.6218649796271516,Barangay 41,Drug-related,forecast
2025-06-01,3.1133057232405097,Barangay 41,Drug-related,forecast
2025-07-01,3.7714028559062305,Barangay 41,Drug-related,forecast
2025-08-01,3.9294993130392317,Barangay 41,Drug-related,forecast
2025-09-01,2.7542710976651135,Barangay 41,Drug-related,forecast
2025-10-01,2.7456891649206683,Barangay 41,Drug-related,forecast
2025-11-01,3.237124029566008,Barangay 41,Drug-related,forecast
2025-12-01,3.5619093431417723,Barangay 41,Drug-related,forecast
2019-01-01,2.0,Barangay 41,Fraud,historical
2019-02-01,3.0,Barangay 41,Fraud,historical
2019-03-01,2.0,Barangay 41,Fraud,historical
2019-04-01,2.0,Barangay 41,Fraud,historical
2019-05-01,4.0,Barangay 41,Fraud,historical
2019-06-01,1.0,Barangay 41,Fraud,historical
2019-07-01,4.0,Barangay 41,Fraud,historical
2019-08-01,1.0,Barangay 41,Fraud,historical
2019-09-01,2.0,Barangay 41,Fraud,historical
2019-10-01,4.0,Barangay 41,Fraud,historical
2019-11-01,3.0,Barangay 41,Fraud,historical
2019-12-01,2.0,Barangay 41,Fraud,historical
2020-01-01,3.0,Barangay 41,Fraud,historical
2020-02-01,4.0,Barangay 41,Fraud,historical
2020-03-01,2.0,Barangay 41,Fraud,historical
2020-04-01,2.0,Barangay 41,Fraud,historical
2020-05-01,2.0,Barangay 41,Fraud,historical
2020-06-01,3.0,Barangay 41,Fraud,historical
2020-07-01,6.0,Barangay 41,Fraud,historical
2020-08-01,4.0,Barangay 41,Fraud,historical
2020-09-01,1.0,Barangay 41,Fraud,historical
2020-10-01,3.0,Barangay 41,Fraud,historical
2020-11-01,2.0,Barangay 41,Fraud,historical
2020-12-01,5.0,Barangay 41,Fraud,historical
2021-01-01,3.0,Barangay 41,Fraud,historical
2021-02-01,4.0,Barangay 41,Fraud,historical
2021-03-01,3.0,Barangay 41,Fraud,historical
2021-04-01,3.0,Barangay 41,Fraud,historical
2021-05-01,1.0,Barangay 41,Fraud,historical
2021-06-01,3.0,Barangay 41,Fraud,historical
2021-07-01,3.0,Barangay 41,Fraud,historical
2021-08-01,3.0,Barangay 41,Fraud,historical
2021-09-01,4.0,Barangay 41,Fraud,historical
2021-10-01,3.0,Barangay 41,Fraud,historical
2021-11-01,2.0,Barangay 41,Fraud,historical
2021-12-01,5.0,Barangay 41,Fraud,historical
2022-01-01,7.0,Barangay 41,Fraud,historical
2022-02-01,5.0,Barangay 41,Fraud,historical
2022-03-01,1.0,Barangay 41,Fraud,historical
2022-04-01,2.0,Barangay 41,Fraud,historical
2022-05-01,4.0,Barangay 41,Fraud,historical
2022-06-01,3.0,Barangay 41,Fraud,historical
2022-07-01,4.0,Barangay 41,Fraud,historical
2022-08-01,4.0,Barangay 41,Fraud,historical
2022-09-01,2.0,Barangay 41,Fraud,historical
2022-10-01,3.0,Barangay 41,Fraud,historical
2022-11-01,0.0,Barangay 41,Fraud,historical
2022-12-01,3.0,Barangay 41,Fraud,historical
2023-01-01,4.0,Barangay 41,Fraud,historical
2023-02-01,2.0,Barangay 41,Fraud,historical
2023-03-01,4.0,Barangay 41,Fraud,historical
2023-04-01,1.0,Barangay 41,Fraud,historical
2023-05-01,2.0,Barangay 41,Fraud,historical
2023-06-01,4.0,Barangay 41,Fraud,historical
2023-07-01,5.0,Barangay 41,Fraud,historical
2023-08-01,2.0,Barangay 41,Fraud,historical
2023-09-01,4.0,Barangay 41,Fraud,historical
2023-10-01,3.0,Barangay 41,Fraud,historical
2023-11-01,2.0,Barangay 41,Fraud,historical
2023-12-01,5.0,Barangay 41,Fraud,historical
2024-01-01,4.0,Barangay 41,Fraud,historical
2024-02-01,3.0,Barangay 41,Fraud,historical
2024-03-01,3.0,Barangay 41,Fraud,historical
2024-04-01,2.0,Barangay 41,Fraud,historical
2024-05-01,3.0,Barangay 41,Fraud,historical
2024-06-01,5.0,Barangay 41,Fraud,historical
2024-07-01,6.0,Barangay 41,Fraud,historical
2024-08-01,2.0,Barangay 41,Fraud,historical
2024-09-01,5.0,Barangay 41,Fraud,historical
2024-10-01,1.0,Barangay 41,Fraud,historical
2024-11-01,3.0,Barangay 41,Fraud,historical
2024-12-01,5.0,Barangay 41,Fraud,historical
2025-01-01,3.8333333856745084,Barangay 41,Fraud,forecast
2025-02-01,3.4999998626745423,Barangay 41,Fraud,forecast
2025-03-01,2.5000000215278453,Barangay 41,Fraud,forecast
2025-04-01,1.9999999904281343,Barangay 41,Fraud,forecast
2025-05-01,2.666666611657516,Barangay 41,Fraud,forecast
2025-06-01,3.166666714916385,Barangay 41,Fraud,forecast
2025-07-01,4.666666712431788,Barangay 41,Fraud,forecast
2025-08-01,2.6666667574653795,Barangay 41,Fraud,forecast
2025-09-01,3.0000000674929206,Barangay 41,Fraud,forecast
2025-10-01,2.8333333088627133,Barangay 41,Fraud,forecast
2025-11-01,2.000000023274385,Barangay 41,Fraud,forecast
2025-12-01,4.166666638132151,Barangay 41,Fraud,forecast
2019-01-01,5.0,Barangay 41,Harassments,historical
2019-02-01,4.0,Barangay 41,Harassments,historical
2019-03-01,3.0,Barangay 41,Harassments,historical
2019-04-01,3.0,Barangay 41,Harassments,historical
2019-05-01,2.0,Barangay 41,Harassments,historical
2019-06-01,6.0,Barangay 41,Harassments,historical
2019-07-01,5.0,Barangay 41,Harassments,historical
2019-08-01,3.0,Barangay 41,Harassments,historical
2019-09-01,5.0,Barangay 41,Harassments,historical
2019-10-01,4.0,Barangay 41,Harassments,historical
2019-11-01,5.0,Barangay 41,Harassments,historical
2019-12-01,6.0,Barangay 41,Harassments,historical
2020-01-01,4.0,Barangay 41,Harassments,historical
2020-02-01,4.0,Barangay 41,Harassments,historical
2020-03-01,4.0,Barangay 41,Harassments,historical
2020-04-01,4.0,Barangay 41,Harassments,historical
2020-05-01,3.0,Barangay 41,Harassments,historical
2020-06-01,5.0,Barangay 41,Harassments,historical
2020-07-01,6.0,Barangay 41,Harassments,historical
2020-08-01,4.0,Barangay 41,Harassments,historical
2020-09-01,4.0,Barangay 41,Harassments,historical
2020-10-01,3.0,Barangay 41,Harassments,historical
2020-11-01,3.0,Barangay 41,Harassments,historical
2020-12-01,7.0,Barangay 41,Harassments,historical
2021-01-01,6.0,Barangay 41,Harassments,historical
2021-02-01,6.0,Barangay 41,Harassments,historical
2021-03-01,5.0,Barangay 41,Harassments,historical
2021-04-01,3.0,Barangay 41,Harassments,historical
2021-05-01,4.0,Barangay 41,Harassments,historical
2021-06-01,4.0,Barangay 41,Harassments,historical
2021-07-01,5.0,Barangay 41,Harassments,historical
2021-08-01,5.0,Barangay 41,Harassments,historical
2021-09-01,4.0,Barangay 41,Harassments,historical
2021-10-01,5.0,Barangay 41,Harassments,historical
2021-11-01,3.0,Barangay 41,Harassments,historical
2021-12-01,9.0,Barangay 41,Harassments,historical
2022-01-01,3.0,Barangay 41,Harassments,historical
2022-02-01,3.0,Barangay 41,Harassments,historical
2022-03-01,5.0,Barangay 41,Harassments,historical
2022-04-01,4.0,Barangay 41,Harassments,historical
2022-05-01,4.0,Barangay 41,Harassments,historical
2022-06-01,6.0,Barangay 41,Harassments,historical
2022-07-01,5.0,Barangay 41,Harassments,historical
2022-08-01,3.0,Barangay 41,Harassments,historical
2022-09-01,4.0,Barangay 41,Harassments,historical
2022-10-01,3.0,Barangay 41,Harassments,historical
2022-11-01,5.0,Barangay 41,Harassments,historical
2022-12-01,5.0,Barangay 41,Harassments,historical
2023-01-01,4.0,Barangay 41,Harassments,historical
2023-02-01,5.0,Barangay 41,Harassments,historical
2023-03-01,4.0,Barangay 41,Harassments,historical
2023-04-01,3.0,Barangay 41,Harassments,historical
2023-05-01,3.0,Barangay 41,Harassments,historical
2023-06-01,5.0,Barangay 41,Harassments,historical
2023-07-01,5.0,Barangay 41,Harassments,historical
2023-08-01,4.0,Barangay 41,Harassments,historical
2023-09-01,3.0,Barangay 41,Harassments,historical
2023-10-01,4.0,Barangay 41,Harassments,historical
2023-11-01,2.0,Barangay 41,Harassments,historical
2023-12-01,3.0,Barangay 41,Harassments,historical
2024-01-01,4.0,Barangay 41,Harassments,historical
2024-02-01,5.0,Barangay 41,Harassments,historical
2024-03-01,4.0,Barangay 41,Harassments,historical
2024-04-01,6.0,Barangay 41,Harassments,historical
2024-05-01,5.0,Barangay 41,Harassments,historical
2024-06-01,5.0,Barangay 41,Harassments,historical
2024-07-01,5.0,Barangay 41,Harassments,historical
2024-08-01,3.0,Barangay 41,Harassments,historical
2024-09-01,4.0,Barangay 41,Harassments,historical
2024-10-01,4.0,Barangay 41,Harassments,historical
2024-11-01,5.0,Barangay 41,Harassments,historical
2024-12-01,4.0,Barangay 41,Harassments,historical
2025-01-01,4.333294347435955,Barangay 41,Harassments,forecast
2025-02-01,4.499961564155734,Barangay 41,Harassments,forecast
2025-03-01,4.166610299297078,Barangay 41,Harassments,forecast
2025-04-01,3.833331185742556,Barangay 41,Harassments,forecast
2025-05-01,3.4999804455195225,Barangay 41,Harassments,forecast
2025-06-01,5.166666832938772,Barangay 41,Harassments,forecast
2025-07-01,5.166668328743204,Barangay 41,Harassments,forecast
2025-08-01,3.666682927983925,Barangay 41,Harassments,forecast
2025-09-01,4.000020087701653,Barangay 41,Harassments,forecast
2025-10-01,3.833392963623611,Barangay 41,Harassments,forecast
2025-11-01,3.8333910068641597,Barangay 41,Harassments,forecast
2025-12-01,5.666671593806779,Barangay 41,Harassments,forecast
2019-01-01,11.0,Barangay 41,Theft,historical
2019-02-01,9.0,Barangay 41,Theft,historical
2019-03-01,8.0,Barangay 41,Theft,historical
2019-04-01,10.0,Barangay 41,Theft,historical
2019-05-01,6.0,Barangay 41,Theft,historical
2019-06-01,9.0,Barangay 41,Theft,historical
2019-07-01,14.0,Barangay 41,Theft,historical
2019-08-01,12.0,Barangay 41,Theft,historical
2019-09-01,7.0,Barangay 41,Theft,historical
2019-10-01,9.0,Barangay 41,Theft,historical
2019-11-01,7.0,Barangay 41,Theft,historical
2019-12-01,9.0,Barangay 41,Theft,historical
2020-01-01,11.0,Barangay 41,Theft,historical
2020-02-01,4.0,Barangay 41,Theft,historical
2020-03-01,3.0,Barangay 41,Theft,historical
2020-04-01,6.0,Barangay 41,Theft,historical
2020-05-01,5.0,Barangay 41,Theft,historical
2020-06-01,11.0,Barangay 41,Theft,historical
2020-07-01,7.0,Barangay 41,Theft,historical
2020-08-01,5.0,Barangay 41,Theft,historical
2020-09-01,12.0,Barangay 41,Theft,historical
2020-10-01,7.0,Barangay 41,Theft,historical
2020-11-01,8.0,Barangay 41,Theft,historical
2020-12-01,6.0,Barangay 41,Theft,historical
2021-01-01,9.0,Barangay 41,Theft,historical
2021-02-01,11.0,Barangay 41,Theft,historical
2021-03-01,5.0,Barangay 41,Theft,historical
2021-04-01,8.0,Barangay 41,Theft,historical
2021-05-01,6.0,Barangay 41,Theft,historical
2021-06-01,9.0,Barangay 41,Theft,historical
2021-07-01,8.0,Barangay 41,Theft,historical
2021-08-01,16.0,Barangay 41,Theft,historical
2021-09-01,8.0,Barangay 41,Theft,historical
2021-10-01,5.0,Barangay 41,Theft,historical
2021-11-01,10.0,Barangay 41,Theft,historical
2021-12-01,7.0,Barangay 41,Theft,historical
2022-01-01,12.0,Barangay 41,Theft,historical
2022-02-01,4.0,Barangay 41,Theft,historical
2022-03-01,4.0,Barangay 41,Theft,historical
2022-04-01,8.0,Barangay 41,Theft,historical
2022-05-01,9.0,Barangay 41,Theft,historical
2022-06-01,11.0,Barangay 41,Theft,historical
2022-07-01,10.0,Barangay 41,Theft,historical
2022-08-01,9.0,Barangay 41,Theft,historical
2022-09-01,4.0,Barangay 41,Theft,historical
2022-10-01,7.0,Barangay 41,Theft,historical
2022-11-01,7.0,Barangay 41,Theft,historical
2022-12-01,15.0,Barangay 41,Theft,historical
2023-01-01,13.0,Barangay 41,Theft,historical
2023-02-01,5.0,Barangay 41,Theft,historical
2023-03-01,8.0,Barangay 41,Theft,historical
2023-04-01,7.0,Barangay 41,Theft,historical
2023-05-01,6.0,Barangay 41,Theft,historical
2023-06-01,13.0,Barangay 41,Theft,historical
2023-07-01,14.0,Barangay 41,Theft,historical
2023-08-01,14.0,Barangay 41,Theft,historical
2023-09-01,6.0,Barangay 41,Theft,historical
2023-10-01,8.0,Barangay 41,Theft,historical
2023-11-01,10.0,Barangay 41,Theft,historical
2023-12-01,15.0,Barangay 41,Theft,historical
2024-01-01,10.0,Barangay 41,Theft,historical
2024-02-01,11.0,Barangay 41,Theft,historical
2024-03-01,5.0,Barangay 41,Theft,historical
2024-04-01,5.0,Barangay 41,Theft,historical
2024-05-01,10.0,Barangay 41,Theft,historical
2024-06-01,15.0,Barangay 41,Theft,historical
2024-07-01,11.0,Barangay 41,Theft,historical
2024-08-01,14.0,Barangay 41,Theft,historical
2024-09-01,10.0,Barangay 41,Theft,historical
2024-10-01,7.0,Barangay 41,Theft,historical
2024-11-01,10.0,Barangay 41,Theft,historical
2024-12-01,18.0,Barangay 41,Theft,historical
2025-01-01,12.745905220147833,Barangay 41,Theft,forecast
2025-02-01,9.057047118461028,Barangay 41,Theft,forecast
2025-03-01,7.201586068212852,Barangay 41,Theft,forecast
2025-04-01,9.012820561462892,Barangay 41,Theft,forecast
2025-05-01,8.657432896059534,Barangay 41,Theft,forecast
2025-06-01,12.968742689352112,Barangay 41,Theft,forecast
2025-07-01,12.28004197996077,Barangay 41,Theft,forecast
2025-08-01,13.257965641998284,Barangay 41,Theft,forecast
2025-09-01,9.402525736131956,Barangay 41,Theft,forecast
2025-10-01,8.713761015354713,Barangay 41,Theft,forecast
2025-11-01,10.191706866716732,Barangay 41,Theft,forecast
2025-12-01,13.169615764556552,Barangay 41,Theft,forecast
2019-01-01,5.0,Barangay 41,Vandalism,historical
2019-02-01,6.0,Barangay 41,Vandalism,historical
2019-03-01,2.0,Barangay 41,Vandalism,historical
2019-04-01,2.0,Barangay 41,Vandalism,historical
2019-05-01,4.0,Barangay 41,Vandalism,historical
2019-06-01,5.0,Barangay 41,Vandalism,historical
2019-07-01,5.0,Barangay 41,Vandalism,historical
2019-08-01,5.0,Barangay 41,Vandalism,historical
2019-09-01,3.0,Barangay 41,Vandalism,historical
2019-10-01,4.0,Barangay 41,Vandalism,historical
2019-11-01,4.0,Barangay 41,Vandalism,historical
2019-12-01,4.0,Barangay 41,Vandalism,historical
2020-01-01,8.0,Barangay 41,Vandalism,historical
2020-02-01,6.0,Barangay 41,Vandalism,historical
2020-03-01,2.0,Barangay 41,Vandalism,historical
2020-04-01,4.0,Barangay 41,Vandalism,historical
2020-05-01,2.0,Barangay 41,Vandalism,historical
2020-06-01,6.0,Barangay 41,Vandalism,historical
2020-07-01,6.0,Barangay 41,Vandalism,historical
2020-08-01,3.0,Barangay 41,Vandalism,historical
2020-09-01,5.0,Barangay 41,Vandalism,historical
2020-10-01,4.0,Barangay 41,Vandalism,historical
2020-11-01,5.0,Barangay 41,Vandalism,historical
2020-12-01,8.0,Barangay 41,Vandalism,historical
2021-01-01,5.0,Barangay 41,Vandalism,historical
2021-02-01,4.0,Barangay 41,Vandalism,historical
2021-03-01,2.0,Barangay 41,Vandalism,historical
2021-04-01,2.0,Barangay 41,Vandalism,historical
2021-05-01,3.0,Barangay 41,Vandalism,historical
2021-06-01,5.0,Barangay 41,Vandalism,historical
2021-07-01,5.0,Barangay 41,Vandalism,historical
2021-08-01,6.0,Barangay 41,Vandalism,historical
2021-09-01,4.0,Barangay 41,Vandalism,historical
2021-10-01,6.0,Barangay 41,Vandalism,historical
2021-11-01,4.0,Barangay 41,Vandalism,historical
2021-12-01,10.0,Barangay 41,Vandalism,historical
2022-01-01,6.0,Barangay 41,Vandalism,historical
2022-02-01,4.0,Barangay 41,Vandalism,historical
2022-03-01,2.0,Barangay 41,Vandalism,historical
2022-04-01,4.0,Barangay 41,Vandalism,historical
2022-05-01,3.0,Barangay 41,Vandalism,historical
2022-06-01,6.0,Barangay 41,Vandalism,historical
2022-07-01,6.0,Barangay 41,Vandalism,historical
2022-08-01,5.0,Barangay 41,Vandalism,historical
2022-09-01,3.0,Barangay 41,Vandalism,historical
2022-10-01,2.0,Barangay 41,Vandalism,historical
2022-11-01,3.0,Barangay 41,Vandalism,historical
2022-12-01,7.0,Barangay 41,Vandalism,historical
2023-01-01,6.0,Barangay 41,Vandalism,historical
2023-02-01,3.0,Barangay 41,Vandalism,historical
2023-03-01,4.0,Barangay 41,Vandalism,historical
2023-04-01,4.0,Barangay 41,Vandalism,historical
2023-05-01,3.0,Barangay 41,Vandalism,historical
2023-06-01,5.0,Barangay 41,Vandalism,historical
2023-07-01,5.0,Barangay 41,Vandalism,historical
2023-08-01,3.0,Barangay 41,Vandalism,historical
2023-09-01,5.0,Barangay 41,Vandalism,historical
2023-10-01,5.0,Barangay 41,Vandalism,historical
2023-11-01,6.0,Barangay 41,Vandalism,historical
2023-12-01,7.0,Barangay 41,Vandalism,historical
2024-01-01,3.0,Barangay 41,Vandalism,historical
2024-02-01,4.0,Barangay 41,Vandalism,historical
2024-03-01,4.0,Barangay 41,Vandalism,historical
2024-04-01,4.0,Barangay 41,Vandalism,historical
2024-05-01,4.0,Barangay 41,Vandalism,historical
2024-06-01,12.0,Barangay 41,Vandalism,historical
2024-07-01,6.0,Barangay 41,Vandalism,historical
2024-08-01,7.0,Barangay 41,Vandalism,historical
2024-09-01,6.0,Barangay 41,Vandalism,historical
2024-10-01,5.0,Barangay 41,Vandalism,historical
2024-11-01,4.0,Barangay 41,Vandalism,historical
2024-12-01,7.0,Barangay 41,Vandalism,historical
2025-01-01,5.5000024469922275,Barangay 41,Vandalism,forecast
2025-02-01,4.500002564733388,Barangay 41,Vandalism,forecast
2025-03-01,2.6666695617711342,Barangay 41,Vandalism,forecast
2025-04-01,3.333336802187508,Barangay 41,Vandalism,forecast
2025-05-01,3.166669945774826,Barangay 41,Vandalism,forecast
2025-06-01,6.500003694231088,Barangay 41,Vandalism,forecast
2025-07-01,5.500004289089507,Barangay 41,Vandalism,forecast
2025-08-01,4.833338148477789,Barangay 41,Vandalism,forecast
2025-09-01,4.333337784516372,Barangay 41,Vandalism,forecast
2025-10-01,4.333338441199605,Barangay 41,Vandalism,forecast
2025-11-01,4.333338571203521,Barangay 41,Vandalism,forecast
2025-12-01,7.16667241099819,Barangay 41,Vandalism,forecast
2019-01-01,2.0,Barangay 41,Vehicle Theft,historical
2019-02-01,3.0,Barangay 41,Vehicle Theft,historical
2019-03-01,2.0,Barangay 41,Vehicle Theft,historical
2019-04-01,1.0,Barangay 41,Vehicle Theft,historical
2019-05-01,2.0,Barangay 41,Vehicle Theft,historical
2019-06-01,1.0,Barangay 41,Vehicle Theft,historical
2019-07-01,1.0,Barangay 41,Vehicle Theft,historical
2019-08-01,2.0,Barangay 41,Vehicle Theft,historical
2019-09-01,2.0,Barangay 41,Vehicle Theft,historical
2019-10-01,2.0,Barangay 41,Vehicle Theft,historical
2019-11-01,0.0,Barangay 41,Vehicle Theft,historical
2019-12-01,2.0,Barangay 41,Vehicle Theft,historical
2020-01-01,1.0,Barangay 41,Vehicle Theft,historical
2020-02-01,3.0,Barangay 41,Vehicle Theft,historical
2020-03-01,2.0,Barangay 41,Vehicle Theft,historical
2020-04-01,1.0,Barangay 41,Vehicle Theft,historical
2020-05-01,1.0,Barangay 41,Vehicle Theft,historical
2020-06-01,1.0,Barangay 41,Vehicle Theft,historical
2020-07-01,2.0,Barangay 41,Vehicle Theft,historical
2020-08-01,3.0,Barangay 41,Vehicle Theft,historical
2020-09-01,1.0,Barangay 41,Vehicle Theft,historical
2020-10-01,2.0,Barangay 41,Vehicle Theft,historical
2020-11-01,1.0,Barangay 41,Vehicle Theft,historical
2020-12-01,2.0,Barangay 41,Vehicle Theft,historical
2021-01-01,2.0,Barangay 41,Vehicle Theft,historical
2021-02-01,1.0,Barangay 41,Vehicle Theft,historical
2021-03-01,1.0,Barangay 41,Vehicle Theft,historical
2021-04-01,1.0,Barangay 41,Vehicle Theft,historical
2021-05-01,3.0,Barangay 41,Vehicle Theft,historical
2021-06-01,2.0,Barangay 41,Vehicle Theft,historical
2021-07-01,2.0,Barangay 41,Vehicle Theft,historical
2021-08-01,2.0,Barangay 41,Vehicle Theft,historical
2021-09-01,2.0,Barangay 41,Vehicle Theft,historical
2021-10-01,2.0,Barangay 41,Vehicle Theft,historical
2021-11-01,2.0,Barangay 41,Vehicle Theft,historical
2021-12-01,3.0,Barangay 41,Vehicle Theft,historical
2022-01-01,2.0,Barangay 41,Vehicle Theft,historical
2022-02-01,2.0,Barangay 41,Vehicle Theft,historical
2022-03-01,1.0,Barangay 41,Vehicle Theft,historical
2022-04-01,0.0,Barangay 41,Vehicle Theft,historical
2022-05-01,1.0,Barangay 41,Vehicle Theft,historical
2022-06-01,3.0,Barangay 41,Vehicle Theft,historical
2022-07-01,4.0,Barangay 41,Vehicle Theft,historical
2022-08-01,2.0,Barangay 41,Vehicle Theft,historical
2022-09-01,2.0,Barangay 41,Vehicle Theft,historical
2022-10-01,2.0,Barangay 41,Vehicle Theft,historical
2022-11-01,4.0,Barangay 41,Vehicle Theft,historical
2022-12-01,3.0,Barangay 41,Vehicle Theft,historical
2023-01-01,2.0,Barangay 41,Vehicle Theft,historical
2023-02-01,2.0,Barangay 41,Vehicle Theft,historical
2023-03-01,1.0,Barangay 41,Vehicle Theft,historical
2023-04-01,2.0,Barangay 41,Vehicle Theft,historical
2023-05-01,1.0,Barangay 41,Vehicle Theft,historical
2023-06-01,1.0,Barangay 41,Vehicle Theft,historical
2023-07-01,2.0,Barangay 41,Vehicle Theft,historical
2023-08-01,1.0,Barangay 41,Vehicle Theft,historical
2023-09-01,3.0,Barangay 41,Vehicle Theft,historical
2023-10-01,2.0,Barangay 41,Vehicle Theft,historical
2023-11-01,2.0,Barangay 41,Vehicle Theft,historical
2023-12-01,4.0,Barangay 41,Vehicle Theft,historical
2024-01-01,3.0,Barangay 41,Vehicle Theft,historical
2024-02-01,2.0,Barangay 41,Vehicle Theft,historical
2024-03-01,3.0,Barangay 41,Vehicle Theft,historical
2024-04-01,2.0,Barangay 41,Vehicle Theft,historical
2024-05-01,1.0,Barangay 41,Vehicle Theft,historical
2024-06-01,2.0,Barangay 41,Vehicle Theft,historical
2024-07-01,2.0,Barangay 41,Vehicle Theft,historical
2024-08-01,1.0,Barangay 41,Vehicle Theft,historical
2024-09-01,3.0,Barangay 41,Vehicle Theft,historical
2024-10-01,3.0,Barangay 41,Vehicle Theft,historical
2024-11-01,1.0,Barangay 41,Vehicle Theft,historical
2024-12-01,3.0,Barangay 41,Vehicle Theft,historical
2025-01-01,2.0000003810031677,Barangay 41,Vehicle Theft,forecast
2025-02-01,2.166666510484921,Barangay 41,Vehicle Theft,forecast
2025-03-01,1.6666663712778107,Barangay 41,Vehicle Theft,forecast
2025-04-01,1.166666124981492,Barangay 41,Vehicle Theft,forecast
2025-05-01,1.499999707712444,Barangay 41,Vehicle Theft,forecast
2025-06-01,1.6666668768327344,Barangay 41,Vehicle Theft,forecast
2025-07-01,2.1666670294270087,Barangay 41,Vehicle Theft,forecast
2025-08-01,1.833333405019244,Barangay 41,Vehicle Theft,forecast
2025-09-01,2.1666673668170655,Barangay 41,Vehicle Theft,forecast
2025-10-01,2.1666667045956207,Barangay 41,Vehicle Theft,forecast
2025-11-01,1.6666662920611888,Barangay 41,Vehicle Theft,forecast
2025-12-01,2.8333330533257532,Barangay 41,Vehicle Theft,forecast
2019-01-01,5.0,Barangay 43,Assault,historical
2019-02-01,2.0,Barangay 43,Assault,historical
2019-03-01,2.0,Barangay 43,Assault,historical
2019-04-01,4.0,Barangay 43,Assault,historical
2019-05-01,3.0,Barangay 43,Assault,historical
2019-06-01,4.0,Barangay 43,Assault,historical
2019-07-01,4.0,Barangay 43,Assault,historical
2019-08-01,5.0,Barangay 43,Assault,historical
2019-09-01,3.0,Barangay 43,Assault,historical
2019-10-01,3.0,Barangay 43,Assault,historical
2019-11-01,4.0,Barangay 43,Assault,historical
2019-12-01,3.0,Barangay 43,Assault,historical
2020-01-01,6.0,Barangay 43,Assault,historical
2020-02-01,2.0,Barangay 43,Assault,historical
2020-03-01,4.0,Barangay 43,Assault,historical
2020-04-01,4.0,Barangay 43,Assault,historical
2020-05-01,4.0,Barangay 43,Assault,historical
2020-06-01,6.0,Barangay 43,Assault,historical
2020-07-01,7.0,Barangay 43,Assault,historical
2020-08-01,6.0,Barangay 43,Assault,historical
2020-09-01,1.0,Barangay 43,Assault,historical
2020-10-01,2.0,Barangay 43,Assault,historical
2020-11-01,3.0,Barangay 43,Assault,historical
2020-12-01,5.0,Barangay 43,Assault,historical
2021-01-01,6.0,Barangay 43,Assault,historical
2021-02-01,4.0,Barangay 43,Assault,historical
2021-03-01,4.0,Barangay 43,Assault,historical
2021-04-01,2.0,Barangay 43,Assault,historical
2021-05-01,3.0,Barangay 43,Assault,historical
2021-06-01,2.0,Barangay 43,Assault,historical
2021-07-01,3.0,Barangay 43,Assault,historical
2021-08-01,3.0,Barangay 43,Assault,historical
2021-09-01,3.0,Barangay 43,Assault,historical
2021-10-01,5.0,Barangay 43,Assault,historical
2021-11-01,3.0,Barangay 43,Assault,historical
2021-12-01,10.0,Barangay 43,Assault,historical
2022-01-01,6.0,Barangay 43,Assault,historical
2022-02-01,6.0,Barangay 43,Assault,historical
2022-03-01,2.0,Barangay 43,Assault,historical
2022-04-01,4.0,Barangay 43,Assault,historical
2022-05-01,3.0,Barangay 43,Assault,historical
2022-06-01,5.0,Barangay 43,Assault,historical
2022-07-01,9.0,Barangay 43,Assault,historical
2022-08-01,5.0,Barangay 43,Assault,historical
2022-09-01,6.0,Barangay 43,Assault,historical
2022-10-01,3.0,Barangay 43,Assault,historical
2022-11-01,4.0,Barangay 43,Assault,historical
2022-12-01,9.0,Barangay 43,Assault,historical
2023-01-01,4.0,Barangay 43,Assault,historical
2023-02-01,9.0,Barangay 43,Assault,historical
2023-03-01,4.0,Barangay 43,Assault,historical
2023-04-01,3.0,Barangay 43,Assault,historical
2023-05-01,4.0,Barangay 43,Assault,historical
2023-06-01,7.0,Barangay 43,Assault,historical
2023-07-01,6.0,Barangay 43,Assault,historical
2023-08-01,2.0,Barangay 43,Assault,historical
2023-09-01,3.0,Barangay 43,Assault,historical
2023-10-01,4.0,Barangay 43,Assault,historical
2023-11-01,4.0,Barangay 43,Assault,historical
2023-12-01,7.0,Barangay 43,Assault,historical
2024-01-01,6.0,Barangay 43,Assault,historical
2024-02-01,3.0,Barangay 43,Assault,historical
2024-03-01,4.0,Barangay 43,Assault,historical
2024-04-01,5.0,Barangay 43,Assault,historical
2024-05-01,4.0,Barangay 43,Assault,historical
2024-06-01,7.0,Barangay 43,Assault,historical
2024-07-01,7.0,Barangay 43,Assault,historical
2024-08-01,6.0,Barangay 43,Assault,historical
2024-09-01,4.0,Barangay 43,Assault,historical
2024-10-01,2.0,Barangay 43,Assault,historical
2024-11-01,5.0,Barangay 43,Assault,historical
2024-12-01,6.0,Barangay 43,Assault,historical
2025-01-01,6.002709166276967,Barangay 43,Assault,forecast
2025-02-01,4.821331976941202,Barangay 43,Assault,forecast
2025-03-01,3.8065858762828126,Barangay 43,Assault,forecast
2025-04-01,4.125173267577181,Barangay 43,Assault,forecast
2025-05-01,3.9437699591556834,Barangay 43,Assault,forecast
2025-06-01,5.595672216216457,Barangay 43,Assault,forecast
2025-07-01,6.414243131611149,Barangay 43,Assault,forecast
2025-08-01,4.899486224511736,Barangay 43,Assault,forecast
2025-09-01,3.718049651585683,Barangay 43,Assault,forecast
2025-10-01,3.5366350901973624,Barangay 43,Assault,forecast
2025-11-01,4.188545788800263,Barangay 43,Assault,forecast
2025-12-01,7.00714595309733,Barangay 43,Assault,forecast
2019-01-01,1.0,Barangay 43,Breaking and Entering,historical
2019-02-01,1.0,Barangay 43,Breaking and Entering,historical
2019-03-01,1.0,Barangay 43,Breaking and Entering,historical
2019-04-01,0.0,Barangay 43,Breaking and Entering,historical
2019-05-01,1.0,Barangay 43,Breaking and Entering,historical
2019-06-01,0.0,Barangay 43,Breaking and Entering,historical
2019-07-01,1.0,Barangay 43,Breaking and Entering,historical
2019-08-01,1.0,Barangay 43,Breaking and Entering,historical
2019-09-01,0.0,Barangay 43,Breaking and Entering,historical
2019-10-01,0.0,Barangay 43,Breaking and Entering,historical
2019-11-01,0.0,Barangay 43,Breaking and Entering,historical
2019-12-01,1.0,Barangay 43,Breaking and Entering,historical
2020-01-01,1.0,Barangay 43,Breaking and Entering,historical
2020-02-01,1.0,Barangay 43,Breaking and Entering,historical
2020-03-01,0.0,Barangay 43,Breaking and Entering,historical
2020-04-01,1.0,Barangay 43,Breaking and Entering,historical
2020-05-01,1.0,Barangay 43,Breaking and Entering,historical
2020-06-01,1.0,Barangay 43,Breaking and Entering,historical
2020-07-01,1.0,Barangay 43,Breaking and Entering,historical
2020-08-01,1.0,Barangay 43,Breaking and Entering,historical
2020-09-01,1.0,Barangay 43,Breaking and Entering,historical
2020-10-01,0.0,Barangay 43,Breaking and Entering,historical
2020-11-01,0.0,Barangay 43,Breaking and Entering,historical
2020-12-01,0.0,Barangay 43,Breaking and Entering,historical
2021-01-01,1.0,Barangay 43,Breaking and Entering,historical
2021-02-01,1.0,Barangay 43,Breaking and Entering,historical
2021-03-01,0.0,Barangay 43,Breaking and Entering,historical
2021-04-01,1.0,Barangay 43,Breaking and Entering,historical
2021-05-01,0.0,Barangay 43,Breaking and Entering,historical
2021-06-01,0.0,Barangay 43,Breaking and Entering,historical
2021-07-01,1.0,Barangay 43,Breaking and Entering,historical
2021-08-01,1.0,Barangay 43,Breaking and Entering,historical
2021-09-01,1.0,Barangay 43,Breaking and Entering,historical
2021-10-01,0.0,Barangay 43,Breaking and Entering,historical
2021-11-01,1.0,Barangay 43,Breaking and Entering,historical
2021-12-01,1.0,Barangay 43,Breaking and Entering,historical
2022-01-01,1.0,Barangay 43,Breaking and Entering,historical
2022-02-01,1.0,Barangay 43,Breaking and Entering,historical
2022-03-01,1.0,Barangay 43,Breaking and Entering,historical
2022-04-01,0.0,Barangay 43,Breaking and Entering,historical
2022-05-01,1.0,Barangay 43,Breaking and Entering,historical
2022-06-01,1.0,Barangay 43,Breaking and Entering,historical
2022-07-01,1.0,Barangay 43,Breaking and Entering,historical
2022-08-01,1.0,Barangay 43,Breaking and Entering,historical
2022-09-01,1.0,Barangay 43,Breaking and Entering,historical
2022-10-01,1.0,Barangay 43,Breaking and Entering,historical
2022-11-01,0.0,Barangay 43,Breaking and Entering,historical
2022-12-01,1.0,Barangay 43,Breaking and Entering,historical
2023-01-01,1.0,Barangay 43,Breaking and Entering,historical
2023-02-01,1.0,Barangay 43,Breaking and Entering,historical
2023-03-01,1.0,Barangay 43,Breaking and Entering,historical
2023-04-01,0.0,Barangay 43,Breaking and Entering,historical
2023-05-01,1.0,Barangay 43,Breaking and Entering,historical
2023-06-01,0.0,Barangay 43,Breaking and Entering,historical
2023-07-01,1.0,Barangay 43,Breaking and Entering,historical
2023-08-01,0.0,Barangay 43,Breaking and Entering,historical
2023-09-01,1.0,Barangay 43,Breaking and Entering,historical
2023-10-01,0.0,Barangay 43,Breaking and Entering,historical
2023-11-01,0.0,Barangay 43,Breaking and Entering,historical
2023-12-01,2.0,Barangay 43,Breaking and Entering,historical
2024-01-01,1.0,Barangay 43,Breaking and Entering,historical
2024-02-01,1.0,Barangay 43,Breaking and Entering,historical
2024-03-01,1.0,Barangay 43,Breaking and Entering,historical
2024-04-01,1.0,Barangay 43,Breaking and Entering,historical
2024-05-01,1.0,Barangay 43,Breaking and Entering,historical
2024-06-01,0.0,Barangay 43,Breaking and Entering,historical
2024-07-01,1.0,Barangay 43,Breaking and Entering,historical
2024-08-01,1.0,Barangay 43,Breaking and Entering,historical
2024-09-01,0.0,Barangay 43,Breaking and Entering,historical
2024-10-01,1.0,Barangay 43,Breaking and Entering,historical
2024-11-01,1.0,Barangay 43,Breaking and Entering,historical
2024-12-01,1.0,Barangay 43,Breaking and Entering,historical
2025-01-01,0.9999997078043399,Barangay 43,Breaking and Entering,forecast
2025-02-01,0.9999997748962177,Barangay 43,Breaking and Entering,forecast
2025-03-01,0.6666662984287147,Barangay 43,Breaking and Entering,forecast
2025-04-01,0.4999998660371744,Barangay 43,Breaking and Entering,forecast
2025-05-01,0.8333331951473417,Barangay 43,Breaking and Entering,forecast
2025-06-01,0.3333335313441177,Barangay 43,Breaking and Entering,forecast
2025-07-01,1.000000096817208,Barangay 43,Breaking and Entering,forecast
2025-08-01,0.8333336837885658,Barangay 43,Breaking and Entering,forecast
2025-09-01,0.6666670082400656,Barangay 43,Breaking and Entering,forecast
2025-10-01,0.3333335609175808,Barangay 43,Breaking and Entering,forecast
2025-11-01,0.33333363899172364,Barangay 43,Breaking and Entering,forecast
2025-12-01,1.000000182716064,Barangay 43,Breaking and Entering,forecast
2019-01-01,2.0,Barangay 43,Domestic Violence,historical
2019-02-01,2.0,Barangay 43,Domestic Violence,historical
2019-03-01,1.0,Barangay 43,Domestic Violence,historical
2019-04-01,1.0,Barangay 43,Domestic Violence,historical
2019-05-01,2.0,Barangay 43,Domestic Violence,historical
2019-06-01,4.0,Barangay 43,Domestic Violence,historical
2019-07-01,2.0,Barangay 43,Domestic Violence,historical
2019-08-01,1.0,Barangay 43,Domestic Violence,historical
2019-09-01,1.0,Barangay 43,Domestic Violence,historical
2019-10-01,3.0,Barangay 43,Domestic Violence,historical
2019-11-01,1.0,Barangay 43,Domestic Violence,historical
2019-12-01,3.0,Barangay 43,Domestic Violence,historical
2020-01-01,4.0,Barangay 43,Domestic Violence,historical
2020-02-01,2.0,Barangay 43,Domestic Violence,historical
2020-03-01,2.0,Barangay 43,Domestic Violence,historical
2020-04-01,2.0,Barangay 43,Domestic Violence,historical
2020-05-01,1.0,Barangay 43,Domestic Violence,historical
2020-06-01,2.0,Barangay 43,Domestic Violence,historical
2020-07-01,2.0,Barangay 43,Domestic Violence,historical
2020-08-01,1.0,Barangay 43,Domestic Violence,historical
2020-09-01,1.0,Barangay 43,Domestic Violence,historical
2020-10-01,1.0,Barangay 43,Domestic Violence,historical
2020-11-01,2.0,Barangay 43,Domestic Violence,historical
2020-12-01,2.0,Barangay 43,Domestic Violence,historical
2021-01-01,2.0,Barangay 43,Domestic Violence,historical
2021-02-01,1.0,Barangay 43,Domestic Violence,historical
2021-03-01,2.0,Barangay 43,Domestic Violence,historical
2021-04-01,2.0,Barangay 43,Domestic Violence,historical
2021-05-01,0.0,Barangay 43,Domestic Violence,historical
2021-06-01,2.0,Barangay 43,Domestic Violence,historical
2021-07-01,3.0,Barangay 43,Domestic Violence,historical
2021-08-01,1.0,Barangay 43,Domestic Violence,historical
2021-09-01,3.0,Barangay 43,Domestic Violence,historical
2021-10-01,2.0,Barangay 43,Domestic Violence,historical
2021-11-01,1.0,Barangay 43,Domestic Violence,historical
2021-12-01,2.0,Barangay 43,Domestic Violence,historical
2022-01-01,3.0,Barangay 43,Domestic Violence,historical
2022-02-01,2.0,Barangay 43,Domestic Violence,historical
2022-03-01,2.0,Barangay 43,Domestic Violence,historical
2022-04-01,1.0,Barangay 43,Domestic Violence,historical
2022-05-01,2.0,Barangay 43,Domestic Violence,historical
2022-06-01,1.0,Barangay 43,Domestic Violence,historical
2022-07-01,2.0,Barangay 43,Domestic Violence,historical
2022-08-01,1.0,Barangay 43,Domestic Violence,historical
2022-09-01,1.0,Barangay 43,Domestic Violence,historical
2022-10-01,3.0,Barangay 43,Domestic Violence,historical
2022-11-01,2.0,Barangay 43,Domestic Violence,historical
2022-12-01,3.0,Barangay 43,Domestic Violence,historical
2023-01-01,1.0,Barangay 43,Domestic Violence,historical
2023-02-01,2.0,Barangay 43,Domestic Violence,historical
2023-03-01,2.0,Barangay 43,Domestic Violence,historical
2023-04-01,2.0,Barangay 43,Domestic Violence,historical
2023-05-01,3.0,Barangay 43,Domestic Violence,historical
2023-06-01,3.0,Barangay 43,Domestic Violence,historical
2023-07-01,2.0,Barangay 43,Domestic Violence,historical
2023-08-01,2.0,Barangay 43,Domestic Violence,historical
2023-09-01,2.0,Barangay 43,Domestic Violence,historical
2023-10-01,2.0,Barangay 43,Domestic Violence,historical
2023-11-01,2.0,Barangay 43,Domestic Violence,historical
2023-12-01,3.0,Barangay 43,Domestic Violence,historical
2024-01-01,2.0,Barangay 43,Domestic Violence,historical
2024-02-01,1.0,Barangay 43,Domestic Violence,historical
2024-03-01,0.0,Barangay 43,Domestic Violence,historical
2024-04-01,2.0,Barangay 43,Domestic Violence,historical
2024-05-01,1.0,Barangay 43,Domestic Violence,historical
2024-06-01,1.0,Barangay 43,Domestic Violence,historical
2024-07-01,3.0,Barangay 43,Domestic Violence,historical
2024-08-01,4.0,Barangay 43,Domestic Violence,historical
2024-09-01,2.0,Barangay 43,Domestic Violence,historical
2024-10-01,2.0,Barangay 43,Domestic Violence,historical
2024-11-01,2.0,Barangay 43,Domestic Violence,historical
2024-12-01,3.0,Barangay 43,Domestic Violence,historical
2025-01-01,2.33333335540625,Barangay 43,Domestic Violence,forecast
2025-02-01,1.6666667015384868,Barangay 43,Domestic Violence,forecast
2025-03-01,1.4999998800593513,Barangay 43,Domestic Violence,forecast
2025-04-01,1.666666618486099,Barangay 43,Domestic Violence,forecast
2025-05-01,1.4999999724793087,Barangay 43,Domestic Violence,forecast
2025-06-01,2.1666667140739824,Barangay 43,Domestic Violence,forecast
2025-07-01,2.3333333726686627,Barangay 43,Domestic Violence,forecast
2025-08-01,1.6666668225354302,Barangay 43,Domestic Violence,forecast
2025-09-01,1.6666666987922087,Barangay 43,Domestic Violence,forecast
2025-10-01,2.166666622121651,Barangay 43,Domestic Violence,forecast
2025-11-01,1.6666666856598218,Barangay 43,Domestic Violence,forecast
2025-12-01,2.666666659119658,Barangay 43,Domestic Violence,forecast
2019-01-01,2.0,Barangay 43,Drug-related,historical
2019-02-01,1.0,Barangay 43,Drug-related,historical
2019-03-01,2.0,Barangay 43,Drug-related,historical
2019-04-01,2.0,Barangay 43,Drug-related,historical
2019-05-01,1.0,Barangay 43,Drug-related,historical
2019-06-01,4.0,Barangay 43,Drug-related,historical
2019-07-01,3.0,Barangay 43,Drug-related,historical
2019-08-01,2.0,Barangay 43,Drug-related,historical
2019-09-01,0.0,Barangay 43,Drug-related,historical
2019-10-01,3.0,Barangay 43,Drug-related,historical
2019-11-01,1.0,Barangay 43,Drug-related,historical
2019-12-01,1.0,Barangay 43,Drug-related,historical
2020-01-01,3.0,Barangay 43,Drug-related,historical
2020-02-01,4.0,Barangay 43,Drug-related,historical
2020-03-01,2.0,Barangay 43,Drug-related,historical
2020-04-01,2.0,Barangay 43,Drug-related,historical
2020-05-01,2.0,Barangay 43,Drug-related,historical
2020-06-01,3.0,Barangay 43,Drug-related,historical
2020-07-01,3.0,Barangay 43,Drug-related,historical
2020-08-01,2.0,Barangay 43,Drug-related,historical
2020-09-01,2.0,Barangay 43,Drug-related,historical
2020-10-01,2.0,Barangay 43,Drug-related,historical
2020-11-01,1.0,Barangay 43,Drug-related,historical
2020-12-01,2.0,Barangay 43,Drug-related,historical
2021-01-01,1.0,Barangay 43,Drug-related,historical
2021-02-01,2.0,Barangay 43,Drug-related,historical
2021-03-01,1.0,Barangay 43,Drug-related,historical
2021-04-01,1.0,Barangay 43,Drug-related,historical
2021-05-01,2.0,Barangay 43,Drug-related,historical
2021-06-01,3.0,Barangay 43,Drug-related,historical
2021-07-01,3.0,Barangay 43,Drug-related,historical
2021-08-01,1.0,Barangay 43,Drug-related,historical
2021-09-01,1.0,Barangay 43,Drug-related,historical
2021-10-01,2.0,Barangay 43,Drug-related,historical
2021-11-01,1.0,Barangay 43,Drug-related,historical
2021-12-01,2.0,Barangay 43,Drug-related,historical
2022-01-01,3.0,Barangay 43,Drug-related,historical
2022-02-01,2.0,Barangay 43,Drug-related,historical
2022-03-01,2.0,Barangay 43,Drug-related,historical
2022-04-01,1.0,Barangay 43,Drug-related,historical
2022-05-01,1.0,Barangay 43,Drug-related,historical
2022-06-01,2.0,Barangay 43,Drug-related,historical
2022-07-01,1.0,Barangay 43,Drug-related,historical
2022-08-01,3.0,Barangay 43,Drug-related,historical
2022-09-01,2.0,Barangay 43,Drug-related,historical
2022-10-01,2.0,Barangay 43,Drug-related,historical
2022-11-01,2.0,Barangay 43,Drug-related,historical
2022-12-01,4.0,Barangay 43,Drug-related,historical
2023-01-01,3.0,Barangay 43,Drug-related,historical
2023-02-01,2.0,Barangay 43,Drug-related,historical
2023-03-01,2.0,Barangay 43,Drug-related,historical
2023-04-01,2.0,Barangay 43,Drug-related,historical
2023-05-01,2.0,Barangay 43,Drug-related,historical
2023-06-01,2.0,Barangay 43,Drug-related,historical
2023-07-01,2.0,Barangay 43,Drug-related,historical
2023-08-01,2.0,Barangay 43,Drug-related,historical
2023-09-01,1.0,Barangay 43,Drug-related,historical
2023-10-01,3.0,Barangay 43,Drug-related,historical
2023-11-01,1.0,Barangay 43,Drug-related,historical
2023-12-01,2.0,Barangay 43,Drug-related,historical
2024-01-01,2.0,Barangay 43,Drug-related,historical
2024-02-01,3.0,Barangay 43,Drug-related,historical
2024-03-01,1.0,Barangay 43,Drug-related,historical
2024-04-01,2.0,Barangay 43,Drug-related,historical
2024-05-01,1.0,Barangay 43,Drug-related,historical
2024-06-01,3.0,Barangay 43,Drug-related,historical
2024-07-01,2.0,Barangay 43,Drug-related,historical
2024-08-01,4.0,Barangay 43,Drug-related,historical
2024-09-01,1.0,Barangay 43,Drug-related,historical
2024-10-01,2.0,Barangay 43,Drug-related,historical
2024-11-01,2.0,Barangay 43,Drug-related,historical
2024-12-01,3.0,Barangay 43,Drug-related,historical
2025-01-01,2.3333329731946995,Barangay 43,Drug-related,forecast
2025-02-01,2.3333333765663116,Barangay 43,Drug-related,forecast
2025-03-01,1.6666666459827846,Barangay 43,Drug-related,forecast
2025-04-01,1.6666668828452105,Barangay 43,Drug-related,forecast
2025-05-01,1.499999886118593,Barangay 43,Drug-related,forecast
2025-06-01,2.8333330690305916,Barangay 43,Drug-related,forecast
2025-07-01,2.3333334285121086,Barangay 43,Drug-related,forecast
2025-08-01,2.3333330253264966,Barangay 43,Drug-related,forecast
2025-09-01,1.1666669452342235,Barangay 43,Drug-related,forecast
2025-10-01,2.3333337513315686,Barangay 43,Drug-related,forecast
2025-11-01,1.3333329547201096,Barangay 43,Drug-related,forecast
2025-12-01,2.3333334605375993,Barangay 43,Drug-related,forecast
2019-01-01,2.0,Barangay 43,Fraud,historical
2019-02-01,2.0,Barangay 43,Fraud,historical
2019-03-01,1.0,Barangay 43,Fraud,historical
2019-04-01,1.0,Barangay 43,Fraud,historical
2019-05-01,2.0,Barangay 43,Fraud,historical
2019-06-01,3.0,Barangay 43,Fraud,historical
2019-07-01,2.0,Barangay 43,Fraud,historical
2019-08-01,1.0,Barangay 43,Fraud,historical
2019-09-01,1.0,Barangay 43,Fraud,historical
2019-10-01,1.0,Barangay 43,Fraud,historical
2019-11-01,2.0,Barangay 43,Fraud,historical
2019-12-01,4.0,Barangay 43,Fraud,historical
2020-01-01,2.0,Barangay 43,Fraud,historical
2020-02-01,2.0,Barangay 43,Fraud,historical
2020-03-01,1.0,Barangay 43,Fraud,historical
2020-04-01,2.0,Barangay 43,Fraud,historical
2020-05-01,3.0,Barangay 43,Fraud,historical
2020-06-01,2.0,Barangay 43,Fraud,historical
2020-07-01,2.0,Barangay 43,Fraud,historical
2020-08-01,3.0,Barangay 43,Fraud,historical
2020-09-01,2.0,Barangay 43,Fraud,historical
2020-10-01,3.0,Barangay 43,Fraud,historical
2020-11-01,2.0,Barangay 43,Fraud,historical
2020-12-01,2.0,Barangay 43,Fraud,historical
2021-01-01,3.0,Barangay 43,Fraud,historical
2021-02-01,3.0,Barangay 43,Fraud,historical
2021-03-01,2.0,Barangay 43,Fraud,historical
2021-04-01,2.0,Barangay 43,Fraud,historical
2021-05-01,2.0,Barangay 43,Fraud,historical
2021-06-01,3.0,Barangay 43,Fraud,historical
2021-07-01,3.0,Barangay 43,Fraud,historical
2021-08-01,3.0,Barangay 43,Fraud,historical
2021-09-01,2.0,Barangay 43,Fraud,historical
2021-10-01,2.0,Barangay 43,Fraud,historical
2021-11-01,2.0,Barangay 43,Fraud,historical
2021-12-01,2.0,Barangay 43,Fraud,historical
2022-01-01,3.0,Barangay 43,Fraud,historical
2022-02-01,2.0,Barangay 43,Fraud,historical
2022-03-01,2.0,Barangay 43,Fraud,historical
2022-04-01,2.0,Barangay 43,Fraud,historical
2022-05-01,2.0,Barangay 43,Fraud,historical
2022-06-01,2.0,Barangay 43,Fraud,historical
2022-07-01,1.0,Barangay 43,Fraud,historical
2022-08-01,3.0,Barangay 43,Fraud,historical
2022-09-01,2.0,Barangay 43,Fraud,historical
2022-10-01,3.0,Barangay 43,Fraud,historical
2022-11-01,2.0,Barangay 43,Fraud,historical
2022-12-01,3.0,Barangay 43,Fraud,historical
2023-01-01,3.0,Barangay 43,Fraud,historical
2023-02-01,4.0,Barangay 43,Fraud,historical
2023-03-01,1.0,Barangay 43,Fraud,historical
2023-04-01,2.0,Barangay 43,Fraud,historical
2023-05-01,2.0,Barangay 43,Fraud,historical
2023-06-01,2.0,Barangay 43,Fraud,historical
2023-07-01,2.0,Barangay 43,Fraud,historical
2023-08-01,2.0,Barangay 43,Fraud,historical
2023-09-01,3.0,Barangay 43,Fraud,historical
2023-10-01,1.0,Barangay 43,Fraud,historical
2023-11-01,2.0,Barangay 43,Fraud,historical
2023-12-01,2.0,Barangay 43,Fraud,historical
2024-01-01,4.0,Barangay 43,Fraud,historical
2024-02-01,1.0,Barangay 43,Fraud,historical
2024-03-01,1.0,Barangay 43,Fraud,historical
2024-04-01,2.0,Barangay 43,Fraud,historical
2024-05-01,3.0,Barangay 43,Fraud,historical
2024-06-01,2.0,Barangay 43,Fraud,historical
2024-07-01,2.0,Barangay 43,Fraud,historical
2024-08-01,4.0,Barangay 43,Fraud,historical
2024-09-01,1.0,Barangay 43,Fraud,historical
2024-10-01,0.0,Barangay 43,Fraud,historical
2024-11-01,2.0,Barangay 43,Fraud,historical
2024-12-01,2.0,Barangay 43,Fraud,historical
2025-01-01,2.8333323807540483,Barangay 43,Fraud,forecast
2025-02-01,2.333332565483243,Barangay 43,Fraud,forecast
2025-03-01,1.3333327628196043,Barangay 43,Fraud,forecast
2025-04-01,1.833333053716463,Barangay 43,Fraud,forecast
2025-05-01,2.333333217358583,Barangay 43,Fraud,forecast
2025-06-01,2.333333339614788,Barangay 43,Fraud,forecast
2025-07-01,2.0000001488253782,Barangay 43,Fraud,forecast
2025-08-01,2.666666797254911,Barangay 43,Fraud,forecast
2025-09-01,1.8333334363874945,Barangay 43,Fraud,forecast
2025-10-01,1.6666667772511565,Barangay 43,Fraud,forecast
2025-11-01,2.000000073166595,Barangay 43,Fraud,forecast
2025-12-01,2.5000001590877887,Barangay 43,Fraud,forecast
2019-01-01,2.0,Barangay 43,Harassments,historical
2019-02-01,4.0,Barangay 43,Harassments,historical
2019-03-01,2.0,Barangay 43,Harassments,historical
2019-04-01,2.0,Barangay 43,Harassments,historical
2019-05-01,1.0,Barangay 43,Harassments,historical
2019-06-01,4.0,Barangay 43,Harassments,historical
2019-07-01,4.0,Barangay 43,Harassments,historical
2019-08-01,3.0,Barangay 43,Harassments,historical
2019-09-01,4.0,Barangay 43,Harassments,historical
2019-10-01,2.0,Barangay 43,Harassments,historical
2019-11-01,1.0,Barangay 43,Harassments,historical
2019-12-01,3.0,Barangay 43,Harassments,historical
2020-01-01,3.0,Barangay 43,Harassments,historical
2020-02-01,4.0,Barangay 43,Harassments,historical
2020-03-01,2.0,Barangay 43,Harassments,historical
2020-04-01,3.0,Barangay 43,Harassments,historical
2020-05-01,1.0,Barangay 43,Harassments,historical
2020-06-01,5.0,Barangay 43,Harassments,historical
2020-07-01,3.0,Barangay 43,Harassments,historical
2020-08-01,5.0,Barangay 43,Harassments,historical
2020-09-01,3.0,Barangay 43,Harassments,historical
2020-10-01,3.0,Barangay 43,Harassments,historical
2020-11-01,3.0,Barangay 43,Harassments,historical
2020-12-01,4.0,Barangay 43,Harassments,historical
2021-01-01,4.0,Barangay 43,Harassments,historical
2021-02-01,5.0,Barangay 43,Harassments,historical
2021-03-01,3.0,Barangay 43,Harassments,historical
2021-04-01,3.0,Barangay 43,Harassments,historical
2021-05-01,2.0,Barangay 43,Harassments,historical
2021-06-01,5.0,Barangay 43,Harassments,historical
2021-07-01,3.0,Barangay 43,Harassments,historical
2021-08-01,6.0,Barangay 43,Harassments,historical
2021-09-01,3.0,Barangay 43,Harassments,historical
2021-10-01,1.0,Barangay 43,Harassments,historical
2021-11-01,3.0,Barangay 43,Harassments,historical
2021-12-01,3.0,Barangay 43,Harassments,historical
2022-01-01,5.0,Barangay 43,Harassments,historical
2022-02-01,3.0,Barangay 43,Harassments,historical
2022-03-01,2.0,Barangay 43,Harassments,historical
2022-04-01,1.0,Barangay 43,Harassments,historical
2022-05-01,2.0,Barangay 43,Harassments,historical
2022-06-01,1.0,Barangay 43,Harassments,historical
2022-07-01,2.0,Barangay 43,Harassments,historical
2022-08-01,4.0,Barangay 43,Harassments,historical
2022-09-01,4.0,Barangay 43,Harassments,historical
2022-10-01,3.0,Barangay 43,Harassments,historical
2022-11-01,2.0,Barangay 43,Harassments,historical
2022-12-01,4.0,Barangay 43,Harassments,historical
2023-01-01,4.0,Barangay 43,Harassments,historical
2023-02-01,2.0,Barangay 43,Harassments,historical
2023-03-01,4.0,Barangay 43,Harassments,historical
2023-04-01,3.0,Barangay 43,Harassments,historical
2023-05-01,2.0,Barangay 43,Harassments,historical
2023-06-01,4.0,Barangay 43,Harassments,historical
2023-07-01,4.0,Barangay 43,Harassments,historical
2023-08-01,1.0,Barangay 43,Harassments,historical
2023-09-01,3.0,Barangay 43,Harassments,historical
2023-10-01,2.0,Barangay 43,Harassments,historical
2023-11-01,2.0,Barangay 43,Harassments,historical
2023-12-01,4.0,Barangay 43,Harassments,historical
2024-01-01,7.0,Barangay 43,Harassments,historical
2024-02-01,5.0,Barangay 43,Harassments,historical
2024-03-01,2.0,Barangay 43,Harassments,historical
2024-04-01,3.0,Barangay 43,Harassments,historical
2024-05-01,4.0,Barangay 43,Harassments,historical
2024-06-01,5.0,Barangay 43,Harassments,historical
2024-07-01,4.0,Barangay 43,Harassments,historical
2024-08-01,3.0,Barangay 43,Harassments,historical
2024-09-01,4.0,Barangay 43,Harassments,historical
2024-10-01,3.0,Barangay 43,Harassments,historical
2024-11-01,4.0,Barangay 43,Harassments,historical
2024-12-01,5.0,Barangay 43,Harassments,historical
2025-01-01,4.935549677735684,Barangay 43,Harassments,forecast
2025-02-01,4.585501431724524,Barangay 43,Harassments,forecast
2025-03-01,3.235417744062069,Barangay 43,Harassments,forecast
2025-04-01,3.2186804800596716,Barangay 43,Harassments,forecast
2025-05-01,2.7019203329656065,Barangay 43,Harassments,forecast
2025-06-01,4.685164842586593,Barangay 43,Harassments,forecast
2025-07-01,4.001789316533047,Barangay 43,Harassments,forecast
2025-08-01,4.318354849553721,Barangay 43,Harassments,forecast
2025-09-01,4.13497603824293,Barangay 43,Harassments,forecast
2025-10-01,2.951528826947934,Barangay 43,Harassments,forecast
2025-11-01,3.1014344197703725,Barangay 43,Harassments,forecast
2025-12-01,4.418024311626617,Barangay 43,Harassments,forecast
2019-01-01,7.0,Barangay 43,Theft,historical
2019-02-01,9.0,Barangay 43,Theft,historical
2019-03-01,8.0,Barangay 43,Theft,historical
2019-04-01,7.0,Barangay 43,Theft,historical
2019-05-01,5.0,Barangay 43,Theft,historical
2019-06-01,4.0,Barangay 43,Theft,historical
2019-07-01,12.0,Barangay 43,Theft,historical
2019-08-01,7.0,Barangay 43,Theft,historical
2019-09-01,6.0,Barangay 43,Theft,historical
2019-10-01,6.0,Barangay 43,Theft,historical
2019-11-01,6.0,Barangay 43,Theft,historical
2019-12-01,7.0,Barangay 43,Theft,historical
2020-01-01,6.0,Barangay 43,Theft,historical
2020-02-01,6.0,Barangay 43,Theft,historical
2020-03-01,5.0,Barangay 43,Theft,historical
2020-04-01,4.0,Barangay 43,Theft,historical
2020-05-01,4.0,Barangay 43,Theft,historical
2020-06-01,7.0,Barangay 43,Theft,historical
2020-07-01,6.0,Barangay 43,Theft,historical
2020-08-01,11.0,Barangay 43,Theft,historical
2020-09-01,1.0,Barangay 43,Theft,historical
2020-10-01,8.0,Barangay 43,Theft,historical
2020-11-01,8.0,Barangay 43,Theft,historical
2020-12-01,3.0,Barangay 43,Theft,historical
2021-01-01,7.0,Barangay 43,Theft,historical
2021-02-01,7.0,Barangay 43,Theft,historical
2021-03-01,3.0,Barangay 43,Theft,historical
2021-04-01,4.0,Barangay 43,Theft,historical
2021-05-01,3.0,Barangay 43,Theft,historical
2021-06-01,11.0,Barangay 43,Theft,historical
2021-07-01,9.0,Barangay 43,Theft,historical
2021-08-01,10.0,Barangay 43,Theft,historical
2021-09-01,7.0,Barangay 43,Theft,historical
2021-10-01,4.0,Barangay 43,Theft,historical
2021-11-01,5.0,Barangay 43,Theft,historical
2021-12-01,9.0,Barangay 43,Theft,historical
2022-01-01,5.0,Barangay 43,Theft,historical
2022-02-01,10.0,Barangay 43,Theft,historical
2022-03-01,5.0,Barangay 43,Theft,historical
2022-04-01,5.0,Barangay 43,Theft,historical
2022-05-01,7.0,Barangay 43,Theft,historical
2022-06-01,9.0,Barangay 43,Theft,historical
2022-07-01,7.0,Barangay 43,Theft,historical
2022-08-01,10.0,Barangay 43,Theft,historical
2022-09-01,4.0,Barangay 43,Theft,historical
2022-10-01,7.0,Barangay 43,Theft,historical
2022-11-01,7.0,Barangay 43,Theft,historical
2022-12-01,7.0,Barangay 43,Theft,historical
2023-01-01,9.0,Barangay 43,Theft,historical
2023-02-01,5.0,Barangay 43,Theft,historical
2023-03-01,7.0,Barangay 43,Theft,historical
2023-04-01,5.0,Barangay 43,Theft,historical
2023-05-01,5.0,Barangay 43,Theft,historical
2023-06-01,10.0,Barangay 43,Theft,historical
2023-07-01,6.0,Barangay 43,Theft,historical
2023-08-01,4.0,Barangay 43,Theft,historical
2023-09-01,3.0,Barangay 43,Theft,historical
2023-10-01,8.0,Barangay 43,Theft,historical
2023-11-01,4.0,Barangay 43,Theft,historical
2023-12-01,13.0,Barangay 43,Theft,historical
2024-01-01,3.0,Barangay 43,Theft,historical
2024-02-01,13.0,Barangay 43,Theft,historical
2024-03-01,6.0,Barangay 43,Theft,historical
2024-04-01,6.0,Barangay 43,Theft,historical
2024-05-01,5.0,Barangay 43,Theft,historical
2024-06-01,9.0,Barangay 43,Theft,historical
2024-07-01,8.0,Barangay 43,Theft,historical
2024-08-01,11.0,Barangay 43,Theft,historical
2024-09-01,7.0,Barangay 43,Theft,historical
2024-10-01,7.0,Barangay 43,Theft,historical
2024-11-01,6.0,Barangay 43,Theft,historical
2024-12-01,9.0,Barangay 43,Theft,historical
2025-01-01,6.1666664041671355,Barangay 43,Theft,forecast
2025-02-01,8.333333289210797,Barangay 43,Theft,forecast
2025-03-01,5.6666667269743005,Barangay 43,Theft,forecast
2025-04-01,5.166666342520144,Barangay 43,Theft,forecast
2025-05-01,4.833333398646705,Barangay 43,Theft,forecast
2025-06-01,8.33333289669673,Barangay 43,Theft,forecast
2025-07-01,7.999999940551687,Barangay 43,Theft,forecast
2025-08-01,8.833333298073367,Barangay 43,Theft,forecast
2025-09-01,4.6666670135203905,Barangay 43,Theft,forecast
2025-10-01,6.66666634847443,Barangay 43,Theft,forecast
2025-11-01,6.000000259654826,Barangay 43,Theft,forecast
2025-12-01,8.000000691507154,Barangay 43,Theft,forecast
2019-01-01,4.0,Barangay 43,Vandalism,historical
2019-02-01,2.0,Barangay 43,Vandalism,historical
2019-03-01,1.0,Barangay 43,Vandalism,historical
2019-04-01,3.0,Barangay 43,Vandalism,historical
2019-05-01,2.0,Barangay 43,Vandalism,historical
2019-06-01,4.0,Barangay 43,Vandalism,historical
2019-07-01,3.0,Barangay 43,Vandalism,historical
2019-08-01,3.0,Barangay 43,Vandalism,historical
2019-09-01,3.0,Barangay 43,Vandalism,historical
2019-10-01,2.0,Barangay 43,Vandalism,historical
2019-11-01,3.0,Barangay 43,Vandalism,historical
2019-12-01,3.0,Barangay 43,Vandalism,historical
2020-01-01,3.0,Barangay 43,Vandalism,historical
2020-02-01,3.0,Barangay 43,Vandalism,historical
2020-03-01,2.0,Barangay 43,Vandalism,historical
2020-04-01,2.0,Barangay 43,Vandalism,historical
2020-05-01,3.0,Barangay 43,Vandalism,historical
2020-06-01,2.0,Barangay 43,Vandalism,historical
2020-07-01,3.0,Barangay 43,Vandalism,historical
2020-08-01,3.0,Barangay 43,Vandalism,historical
2020-09-01,4.0,Barangay 43,Vandalism,historical
2020-10-01,3.0,Barangay 43,Vandalism,historical
2020-11-01,4.0,Barangay 43,Vandalism,historical
2020-12-01,2.0,Barangay 43,Vandalism,historical
2021-01-01,4.0,Barangay 43,Vandalism,historical
2021-02-01,5.0,Barangay 43,Vandalism,historical
2021-03-01,2.0,Barangay 43,Vandalism,historical
2021-04-01,3.0,Barangay 43,Vandalism,historical
2021-05-01,2.0,Barangay 43,Vandalism,historical
2021-06-01,5.0,Barangay 43,Vandalism,historical
2021-07-01,6.0,Barangay 43,Vandalism,historical
2021-08-01,3.0,Barangay 43,Vandalism,historical
2021-09-01,2.0,Barangay 43,Vandalism,historical
2021-10-01,4.0,Barangay 43,Vandalism,historical
2021-11-01,4.0,Barangay 43,Vandalism,historical
2021-12-01,3.0,Barangay 43,Vandalism,historical
2022-01-01,3.0,Barangay 43,Vandalism,historical
2022-02-01,3.0,Barangay 43,Vandalism,historical
2022-03-01,1.0,Barangay 43,Vandalism,historical
2022-04-01,2.0,Barangay 43,Vandalism,historical
2022-05-01,2.0,Barangay 43,Vandalism,historical
2022-06-01,3.0,Barangay 43,Vandalism,historical
2022-07-01,3.0,Barangay 43,Vandalism,historical
2022-08-01,4.0,Barangay 43,Vandalism,historical
2022-09-01,4.0,Barangay 43,Vandalism,historical
2022-10-01,2.0,Barangay 43,Vandalism,historical
2022-11-01,4.0,Barangay 43,Vandalism,historical
2022-12-01,4.0,Barangay 43,Vandalism,historical
2023-01-01,4.0,Barangay 43,Vandalism,historical
2023-02-01,5.0,Barangay 43,Vandalism,historical
2023-03-01,2.0,Barangay 43,Vandalism,historical
2023-04-01,3.0,Barangay 43,Vandalism,historical
2023-05-01,3.0,Barangay 43,Vandalism,historical
2023-06-01,4.0,Barangay 43,Vandalism,historical
2023-07-01,4.0,Barangay 43,Vandalism,historical
2023-08-01,7.0,Barangay 43,Vandalism,historical
2023-09-01,2.0,Barangay 43,Vandalism,historical
2023-10-01,2.0,Barangay 43,Vandalism,historical
2023-11-01,2.0,Barangay 43,Vandalism,historical
2023-12-01,3.0,Barangay 43,Vandalism,historical
2024-01-01,3.0,Barangay 43,Vandalism,historical
2024-02-01,6.0,Barangay 43,Vandalism,historical
2024-03-01,4.0,Barangay 43,Vandalism,historical
2024-04-01,2.0,Barangay 43,Vandalism,historical
2024-05-01,2.0,Barangay 43,Vandalism,historical
2024-06-01,4.0,Barangay 43,Vandalism,historical
2024-07-01,3.0,Barangay 43,Vandalism,historical
2024-08-01,5.0,Barangay 43,Vandalism,historical
2024-09-01,3.0,Barangay 43,Vandalism,historical
2024-10-01,1.0,Barangay 43,Vandalism,historical
2024-11-01,5.0,Barangay 43,Vandalism,historical
2024-12-01,7.0,Barangay 43,Vandalism,historical
2025-01-01,3.817977358924655,Barangay 43,Vandalism,forecast
2025-02-01,4.310508154873961,Barangay 43,Vandalism,forecast
2025-03-01,2.303044952087798,Barangay 43,Vandalism,forecast
2025-04-01,2.795584269000832,Barangay 43,Vandalism,forecast
2025-05-01,2.6214603613195724,Barangay 43,Vandalism,forecast
2025-06-01,3.947340245976155,Barangay 43,Vandalism,forecast
2025-07-01,3.9398845834816045,Barangay 43,Vandalism,forecast
2025-08-01,4.432434349353276,Barangay 43,Vandalism,forecast
2025-09-01,3.2583085084311123,Barangay 43,Vandalism,forecast
2025-10-01,2.5841833076938516,Barangay 43,Vandalism,forecast
2025-11-01,3.9100553849485853,Barangay 43,Vandalism,forecast
2025-12-01,3.902591228066561,Barangay 43,Vandalism,forecast
2019-01-01,1.0,Barangay 43,Vehicle Theft,historical
2019-02-01,1.0,Barangay 43,Vehicle Theft,historical
2019-03-01,0.0,Barangay 43,Vehicle Theft,historical
2019-04-01,1.0,Barangay 43,Vehicle Theft,historical
2019-05-01,1.0,Barangay 43,Vehicle Theft,historical
2019-06-01,1.0,Barangay 43,Vehicle Theft,historical
2019-07-01,1.0,Barangay 43,Vehicle Theft,historical
2019-08-01,1.0,Barangay 43,Vehicle Theft,historical
2019-09-01,0.0,Barangay 43,Vehicle Theft,historical
2019-10-01,0.0,Barangay 43,Vehicle Theft,historical
2019-11-01,1.0,Barangay 43,Vehicle Theft,historical
2019-12-01,1.0,Barangay 43,Vehicle Theft,historical
2020-01-01,1.0,Barangay 43,Vehicle Theft,historical
2020-02-01,1.0,Barangay 43,Vehicle Theft,historical
2020-03-01,1.0,Barangay 43,Vehicle Theft,historical
2020-04-01,0.0,Barangay 43,Vehicle Theft,historical
2020-05-01,0.0,Barangay 43,Vehicle Theft,historical
2020-06-01,0.0,Barangay 43,Vehicle Theft,historical
2020-07-01,1.0,Barangay 43,Vehicle Theft,historical
2020-08-01,1.0,Barangay 43,Vehicle Theft,historical
2020-09-01,1.0,Barangay 43,Vehicle Theft,historical
2020-10-01,0.0,Barangay 43,Vehicle Theft,historical
2020-11-01,1.0,Barangay 43,Vehicle Theft,historical
2020-12-01,1.0,Barangay 43,Vehicle Theft,historical
2021-01-01,1.0,Barangay 43,Vehicle Theft,historical
2021-02-01,0.0,Barangay 43,Vehicle Theft,historical
2021-03-01,1.0,Barangay 43,Vehicle Theft,historical
2021-04-01,0.0,Barangay 43,Vehicle Theft,historical
2021-05-01,0.0,Barangay 43,Vehicle Theft,historical
2021-06-01,2.0,Barangay 43,Vehicle Theft,historical
2021-07-01,1.0,Barangay 43,Vehicle Theft,historical
2021-08-01,1.0,Barangay 43,Vehicle Theft,historical
2021-09-01,1.0,Barangay 43,Vehicle Theft,historical
2021-10-01,1.0,Barangay 43,Vehicle Theft,historical
2021-11-01,1.0,Barangay 43,Vehicle Theft,historical
2021-12-01,1.0,Barangay 43,Vehicle Theft,historical
2022-01-01,2.0,Barangay 43,Vehicle Theft,historical
2022-02-01,1.0,Barangay 43,Vehicle Theft,historical
2022-03-01,1.0,Barangay 43,Vehicle Theft,historical
2022-04-01,1.0,Barangay 43,Vehicle Theft,historical
2022-05-01,1.0,Barangay 43,Vehicle Theft,historical
2022-06-01,1.0,Barangay 43,Vehicle Theft,historical
2022-07-01,1.0,Barangay 43,Vehicle Theft,historical
2022-08-01,0.0,Barangay 43,Vehicle Theft,historical
2022-09-01,1.0,Barangay 43,Vehicle Theft,historical
2022-10-01,0.0,Barangay 43,Vehicle Theft,historical
2022-11-01,1.0,Barangay 43,Vehicle Theft,historical
2022-12-01,1.0,Barangay 43,Vehicle Theft,historical
2023-01-01,1.0,Barangay 43,Vehicle Theft,historical
2023-02-01,1.0,Barangay 43,Vehicle Theft,historical
2023-03-01,1.0,Barangay 43,Vehicle Theft,historical
2023-04-01,1.0,Barangay 43,Vehicle Theft,historical
2023-05-01,1.0,Barangay 43,Vehicle Theft,historical
2023-06-01,1.0,Barangay 43,Vehicle Theft,historical
2023-07-01,1.0,Barangay 43,Vehicle Theft,historical
2023-08-01,1.0,Barangay 43,Vehicle Theft,historical
2023-09-01,1.0,Barangay 43,Vehicle Theft,historical
2023-10-01,0.0,Barangay 43,Vehicle Theft,historical
2023-11-01,1.0,Barangay 43,Vehicle Theft,historical
2023-12-01,1.0,Barangay 43,Vehicle Theft,historical
2024-01-01,1.0,Barangay 43,Vehicle Theft,historical
2024-02-01,2.0,Barangay 43,Vehicle Theft,historical
2024-03-01,1.0,Barangay 43,Vehicle Theft,historical
2024-04-01,1.0,Barangay 43,Vehicle Theft,historical
2024-05-01,1.0,Barangay 43,Vehicle Theft,historical
2024-06-01,1.0,Barangay 43,Vehicle Theft,historical
2024-07-01,0.0,Barangay 43,Vehicle Theft,historical
2024-08-01,0.0,Barangay 43,Vehicle Theft,historical
2024-09-01,1.0,Barangay 43,Vehicle Theft,historical
2024-10-01,0.0,Barangay 43,Vehicle Theft,historical
2024-11-01,0.0,Barangay 43,Vehicle Theft,historical
2024-12-01,0.0,Barangay 43,Vehicle Theft,historical
2025-01-01,1.1666813343788687,Barangay 43,Vehicle Theft,forecast
2025-02-01,1.0000048516799962,Barangay 43,Vehicle Theft,forecast
2025-03-01,0.8333433228528391,Barangay 43,Vehicle Theft,forecast
2025-04-01,0.6666670300697306,Barangay 43,Vehicle Theft,forecast
2025-05-01,0.6666646078050791,Barangay 43,Vehicle Theft,forecast
2025-06-01,0.9999992971562608,Barangay 43,Vehicle Theft,forecast
2025-07-01,0.8333349738420713,Barangay 43,Vehicle Theft,forecast
2025-08-01,0.6666646308056371,Barangay 43,Vehicle Theft,forecast
2025-09-01,0.833325520166555,Barangay 43,Vehicle Theft,forecast
2025-10-01,0.1666597421117394,Barangay 43,Vehicle Theft,forecast
2025-11-01,0.8333257822540863,Barangay 43,Vehicle Theft,forecast
2025-12-01,0.8333231762247811,Barangay 43,Vehicle Theft,forecast
